timestamp,preco
2025-07-09 22:06:26.854562,111020.43
2025-07-09 22:06:53.445020,111012.215
2025-07-09 22:07:12.467799,110975.82
2025-07-10 02:15:09.142678,111423.105
2025-07-10 02:20:59.610541,111470.295
2025-07-10 02:42:21.576703,111251.865
2025-07-10 03:35:16.584503,111071.535
2025-07-10 04:07:30.726386,111061.185
2025-07-10 04:43:46.769152,111207.055
2025-07-10 05:00:54.766955,111195.355
2025-07-10 05:29:57.505839,111054.2
2025-07-10 05:48:27.548183,111013.775
2025-07-10 05:56:42.211253,111183.255
2025-07-10 06:26:23.838137,111319.365
2025-07-10 06:52:28.568913,111308.875
2025-07-10 07:10:57.780851,111400.025
2025-07-10 07:32:09.862435,111399.395
2025-07-10 07:44:36.077491,111316.305
2025-07-10 07:52:23.429892,111264.105
2025-07-10 07:59:56.462061,111277.865
2025-07-10 08:33:37.981368,111319.115
2025-07-10 08:54:02.609961,111348.055
2025-07-10 09:14:10.241039,111179.325
2025-07-10 09:37:15.297217,111194.16
2025-07-10 09:50:07.752478,111130.645
2025-07-10 09:58:15.448905,111109.535
2025-07-10 10:23:09.115282,111074.645
2025-07-10 10:44:18.394555,110980.565
2025-07-10 10:55:24.681823,111071.965
2025-07-10 11:13:06.267931,111161.395
2025-07-10 11:29:27.854490,111201.275
2025-07-10 11:41:35.552561,111087.905
2025-07-10 11:49:14.817558,111106.445
2025-07-10 11:56:56.973672,111049.995
2025-07-10 12:36:58.799752,110886.085
2025-07-10 13:19:57.936449,110994.79
2025-07-10 13:48:50.990489,110750.03
2025-07-10 13:58:46.232428,110793.08
2025-07-10 14:22:59.050497,111172.665
2025-07-10 14:44:10.455247,111139.225
2025-07-10 14:56:12.799293,111228.69
2025-07-10 15:17:28.403977,111213.495
2025-07-10 15:40:33.928987,111326.21
2025-07-10 15:53:17.895676,111350.825
2025-07-10 16:11:19.078290,111476.945
2025-07-10 16:43:48.324634,112748.065
2025-07-10 17:00:18.599506,112727.685
2025-07-10 17:25:00.995139,113461.775
2025-07-10 17:42:10.277530,113730.485
2025-07-10 17:52:13.740232,113704.62
2025-07-10 18:00:00.390943,113855.985
2025-07-10 18:35:32.874797,113273.575
2025-07-10 18:54:47.568453,113383.885
2025-07-10 19:10:13.310239,113685.345
2025-07-10 19:26:02.372210,113514.905
2025-07-10 19:36:30.795739,113292.38
2025-07-10 19:44:36.894509,113385.605
2025-07-10 19:52:42.613133,113302.155
2025-07-10 20:00:32.061155,113391.55
2025-07-10 20:29:29.393037,113568.355
2025-07-10 20:45:16.912251,113631.485
2025-07-10 20:54:41.536725,113632.455
2025-07-10 21:12:26.735240,113736.405
2025-07-10 21:32:02.548732,116327.905
2025-07-10 21:44:49.875799,116326.995
2025-07-10 21:52:38.483678,116411.52
2025-07-10 22:00:27.460834,116417.795
2025-07-10 22:25:15.489314,115944.875
2025-07-10 22:42:16.282986,115805.955
2025-07-10 22:52:19.627326,116129.065
2025-07-10 23:00:04.647144,116029.89
2025-07-10 23:24:18.841464,115810.71
2025-07-10 23:38:00.153494,115674.035
2025-07-10 23:47:25.404842,115744.005
2025-07-10 23:55:09.217098,116008.545
2025-07-11 01:07:25.339408,115637.535
2025-07-11 03:02:29.878151,116590.535
2025-07-11 04:01:55.900218,116765.745
2025-07-11 04:42:55.026976,116576.025
2025-07-11 05:01:28.402277,116962.495
2025-07-11 05:30:54.461605,117626.49
2025-07-11 05:48:26.503777,118330.305
2025-07-11 05:56:24.075073,118019.75
2025-07-11 06:25:02.062935,118288.995
2025-07-11 06:51:08.780182,117846.045
2025-07-11 07:01:52.382078,117589.935
2025-07-11 07:28:46.797153,117930.51
2025-07-11 07:44:34.696833,117960.365
2025-07-11 07:53:22.488874,117810.705
2025-07-11 08:13:16.762257,117788.755
2025-07-11 08:42:44.517156,117959.19
2025-07-11 08:57:56.611946,118007.615
2025-07-11 09:21:51.405812,118259.985
2025-07-11 09:39:59.966083,118743.575
2025-07-11 09:51:23.211499,118672.525
2025-07-11 09:59:04.524962,118515.545
2025-07-11 10:24:57.570440,118233.555
2025-07-11 10:44:35.384199,118142.365
2025-07-11 10:54:58.317087,118170.66
2025-07-11 11:12:14.068614,117930.23
2025-07-11 11:29:04.490707,117677.12
2025-07-11 11:41:11.300183,117782.32
2025-07-11 11:49:09.697892,117730.57
2025-07-11 11:57:04.700493,117940.005
2025-07-11 13:18:15.359803,117786.935
2025-07-11 13:45:49.158521,117408.13
2025-07-11 13:56:47.752647,118033.385
2025-07-11 14:17:27.784551,117914.735
2025-07-11 14:40:22.038853,118018.985
2025-07-11 14:52:37.410886,117804.355
2025-07-11 15:00:21.107070,117875.88
2025-07-11 15:28:26.033279,117748.18
2025-07-11 15:43:54.003746,117529.395
2025-07-11 15:53:31.094640,117081.505
2025-07-11 16:11:32.524615,116728.125
2025-07-11 16:41:05.304135,117432.395
2025-07-11 16:57:01.134296,117469.625
2025-07-11 17:16:45.026998,117561.785
2025-07-11 17:36:33.660005,117494.925
2025-07-11 17:48:20.267385,117530.86
2025-07-11 17:56:01.272760,117680.995
2025-07-11 18:21:13.360966,117551.725
2025-07-11 18:47:03.221181,117723.345
2025-07-11 18:58:59.490185,117724.355
2025-07-11 19:18:41.840874,117963.315
2025-07-11 19:31:44.074173,117872.555
2025-07-11 19:42:58.660152,117996.885
2025-07-11 19:50:43.934636,117938.895
2025-07-11 19:58:23.981371,118085.24
2025-07-11 20:23:36.167542,117983.055
2025-07-11 20:40:19.894730,117917.215
2025-07-11 20:51:49.891380,117925.515
2025-07-11 20:59:37.497755,117753.245
2025-07-11 21:22:55.237858,117853.275
2025-07-11 21:37:07.393061,117811.655
2025-07-11 21:45:30.426067,117534.495
2025-07-11 21:53:19.120656,117699.785
2025-07-11 22:08:48.313949,117658.795
2025-07-11 22:33:48.308167,117299.075
2025-07-11 22:48:15.079095,117463.815
2025-07-11 22:56:26.194315,117646.905
2025-07-11 23:16:05.078759,117691.955
2025-07-11 23:32:49.978828,117644.195
2025-07-11 23:44:54.645953,117631.875
2025-07-11 23:52:48.161142,117584.005
2025-07-12 00:00:27.977624,117582.165
2025-07-12 02:11:15.254908,117698.065
2025-07-12 03:37:47.788087,117814.215
2025-07-12 04:08:06.446172,117810.445
2025-07-12 04:41:57.775588,117795.875
2025-07-12 04:57:17.124280,117703.895
2025-07-12 05:18:52.234001,117643.065
2025-07-12 05:40:01.321595,117752.125
2025-07-12 05:51:09.364352,117724.615
2025-07-12 05:58:52.407954,117746.25
2025-07-12 06:31:15.690633,117967.055
2025-07-12 06:53:16.602071,117972.865
2025-07-12 07:09:29.317198,117950.935
2025-07-12 07:28:52.534304,118006.035
2025-07-12 07:41:18.887851,117810.705
2025-07-12 07:49:02.983699,117739.235
2025-07-12 07:56:43.878016,117718.595
2025-07-12 08:20:37.536366,117922.145
2025-07-12 08:41:54.648215,117845.805
2025-07-12 08:54:38.235519,117841.905
2025-07-12 09:12:02.387693,117955.825
2025-07-12 09:31:17.687217,118017.83
2025-07-12 09:43:53.910256,118067.735
2025-07-12 09:51:33.850930,118108.215
2025-07-12 09:59:26.792058,118193.615
2025-07-12 10:23:25.838185,118113.145
2025-07-12 10:41:18.117546,118150.035
2025-07-12 10:51:48.370972,118083.46
2025-07-12 10:59:37.806460,118130.505
2025-07-12 11:19:53.936001,118005.915
2025-07-12 11:31:22.384376,118051.38
2025-07-12 11:41:58.741703,118005.925
2025-07-12 11:49:48.398306,117805.855
2025-07-12 11:57:31.246222,117814.095
2025-07-12 12:35:49.017958,117630.2
2025-07-12 13:07:50.112568,117575.015
2025-07-12 13:36:24.240401,117375.465
2025-07-12 13:49:07.461809,117405.885
2025-07-12 13:56:44.403947,117512.86
2025-07-12 14:15:04.875839,117624.025
2025-07-12 14:34:20.548683,117592.4
2025-07-12 14:46:39.824571,117496.61
2025-07-12 14:54:15.796249,117411.995
2025-07-12 15:10:42.434968,117385.345
2025-07-12 15:31:23.233590,117434.835
2025-07-12 15:45:06.630052,117006.635
2025-07-12 15:53:47.244674,116986.045
2025-07-12 16:11:06.233242,117274.425
2025-07-12 16:37:23.146855,117384.005
2025-07-12 16:52:08.084930,117250.175
2025-07-12 16:59:45.756202,117226.82
2025-07-12 17:19:59.076232,117406.825
2025-07-12 17:35:23.353433,117493.365
2025-07-12 17:46:14.130821,117472.545
2025-07-12 17:54:01.146227,117468.735
2025-07-12 18:13:46.100188,117502.645
2025-07-12 18:42:07.984660,117441.905
2025-07-12 18:55:08.586370,117437.695
2025-07-12 19:09:56.432950,117655.495
2025-07-12 19:24:24.956767,117630.435
2025-07-12 19:33:09.190009,117501.305
2025-07-12 19:41:51.041488,117608.985
2025-07-12 19:49:43.046522,117634.395
2025-07-12 19:57:14.688485,117574.575
2025-07-12 20:18:54.250414,117480.015
2025-07-12 20:36:12.625071,117415.495
2025-07-12 20:47:51.482567,117388.58
2025-07-12 20:55:36.528946,117194.875
2025-07-12 21:12:49.766830,117295.515
2025-07-12 21:29:43.869538,117400.315
2025-07-12 21:41:22.864828,117498.645
2025-07-12 21:49:16.065047,117480.515
2025-07-12 21:57:07.714728,117498.785
2025-07-12 22:16:48.800289,117463.665
2025-07-12 22:37:11.027093,117501.855
2025-07-12 22:49:04.968032,117425.125
2025-07-12 22:57:05.281824,117428.695
2025-07-12 23:18:04.032504,117387.015
2025-07-12 23:35:19.367026,117357.81
2025-07-12 23:47:53.903169,117375.6
2025-07-12 23:55:38.840623,117448.395
2025-07-13 01:19:31.656844,117348.025
2025-07-13 03:13:59.566556,117650.825
2025-07-13 04:07:59.813341,117724.435
2025-07-13 04:46:43.584361,117880.785
2025-07-13 05:01:44.273841,117913.545
2025-07-13 05:29:24.735781,117881.455
2025-07-13 05:46:17.942041,117798.255
2025-07-13 05:54:22.207883,117748.055
2025-07-13 06:16:46.332741,117843.315
2025-07-13 06:45:44.261735,117998.575
2025-07-13 07:00:28.987082,117930.005
2025-07-13 07:26:34.405515,118038.985
2025-07-13 07:39:39.913123,118005.255
2025-07-13 07:48:02.056914,118003.745
2025-07-13 07:55:45.345455,117949.275
2025-07-13 08:17:56.404303,117925.58
2025-07-13 08:40:57.866842,117851.645
2025-07-13 08:54:55.498453,117841.875
2025-07-13 09:13:55.479934,117912.685
2025-07-13 09:34:02.789718,117828.365
2025-07-13 09:46:30.391587,117844.135
2025-07-13 09:54:18.575548,117800.635
2025-07-13 10:11:44.882177,117885.75
2025-07-13 10:37:23.170658,117831.375
2025-07-13 10:50:15.906125,117832.995
2025-07-13 10:57:58.563137,117794.245
2025-07-13 11:16:03.066018,117976.015
2025-07-13 11:30:13.271090,118109.895
2025-07-13 11:42:59.312344,118045.85
2025-07-13 11:50:29.553681,118025.195
2025-07-13 11:58:01.676063,118080.18
2025-07-13 12:38:22.502571,118115.345
2025-07-13 13:14:58.346437,118245.975
2025-07-13 13:40:38.218229,118609.805
2025-07-13 13:51:15.523375,118768.465
2025-07-13 13:58:48.469842,118674.885
2025-07-13 14:19:14.371103,119085.115
2025-07-13 14:37:13.462525,119006.885
2025-07-13 14:46:59.954587,118885.985
2025-07-13 14:54:36.662572,118666.885
2025-07-13 15:11:10.343728,119016.465
2025-07-13 15:30:51.944053,118914.155
2025-07-13 15:43:18.340262,118749.03
2025-07-13 15:50:57.073178,118723.145
2025-07-13 15:58:22.235681,118750.735
2025-07-13 16:24:38.730540,118911.765
2025-07-13 16:44:24.563213,118888.515
2025-07-13 16:55:18.536595,118634.535
2025-07-13 17:11:17.110969,118688.965
2025-07-13 17:30:50.274359,118741.56
2025-07-13 17:45:22.724824,118801.7
2025-07-13 17:53:37.436933,118892.25
2025-07-13 18:12:29.360173,118823.235
2025-07-13 18:41:31.889728,118927.795
2025-07-13 18:54:17.272651,119042.755
2025-07-13 19:08:32.880588,119030.035
2025-07-13 19:24:18.244127,119200.095
2025-07-13 19:34:14.357884,119437.795
2025-07-13 19:42:32.377773,119106.055
2025-07-13 19:50:03.769466,119098.795
2025-07-13 19:57:50.328195,119114.15
2025-07-13 20:20:12.125808,119187.42
2025-07-13 20:36:56.544074,119292.495
2025-07-13 20:47:26.293898,119071.305
2025-07-13 20:55:08.952962,119199.715
2025-07-13 21:11:58.993899,118958.575
2025-07-13 21:29:16.872575,119002.885
2025-07-13 21:40:51.239832,118625.325
2025-07-13 21:48:28.381759,118829.195
2025-07-13 21:56:24.165152,118840.385
2025-07-13 22:15:17.749817,118460.715
2025-07-13 22:36:40.029672,118676.185
2025-07-13 22:48:45.395084,118833.505
2025-07-13 22:56:40.961103,118684.645
2025-07-13 23:17:00.791416,118679.365
2025-07-13 23:34:01.033309,118743.745
2025-07-13 23:46:57.533835,118785.625
2025-07-13 23:54:47.066945,119213.295
2025-07-14 01:05:34.646326,119199.745
2025-07-14 03:07:03.227020,119851.405
2025-07-14 04:08:19.986936,120807.785
2025-07-14 04:50:58.799021,121289.065
2025-07-14 05:15:25.952651,121495.245
2025-07-14 05:43:52.486942,122249.29
2025-07-14 05:55:46.275266,122320.705
2025-07-14 06:24:18.855071,122454.77
2025-07-14 06:52:51.957258,122109.385
2025-07-14 07:13:44.309668,122320.835
2025-07-14 07:35:09.057652,122587.115
2025-07-14 07:48:14.763981,122772.665
2025-07-14 07:56:09.680738,122884.195
2025-07-14 08:24:00.580032,122329.635
2025-07-14 08:51:37.420147,122700.04
2025-07-14 09:15:42.024254,122307.655
2025-07-14 09:43:39.849167,122050.025
2025-07-14 09:56:18.340003,122000.71
2025-07-14 10:18:06.264821,121774.125
2025-07-14 10:44:08.969777,122059.495
2025-07-14 10:56:11.200561,121947.575
2025-07-14 11:14:28.164449,121721.215
2025-07-14 11:31:00.533523,121516.845
2025-07-14 11:44:01.739303,121540.2
2025-07-14 11:51:55.744770,121549.06
2025-07-14 11:59:20.258872,121499.505
2025-07-14 12:51:06.812987,121846.305
2025-07-14 13:27:44.748208,121727.405
2025-07-14 13:53:51.433706,122057.225
2025-07-14 14:12:40.594726,121838.125
2025-07-14 14:38:02.638895,120959.18
2025-07-14 14:52:49.690224,120843.76
2025-07-14 15:00:34.560300,121140.87
2025-07-14 15:30:12.494377,120383.445
2025-07-14 15:47:04.540989,120062.225
2025-07-14 15:57:13.968148,119781.09
2025-07-14 16:24:35.374553,119736.185
2025-07-14 16:48:47.388072,119967.565
2025-07-14 17:01:15.612491,120274.145
2025-07-14 17:26:55.963615,120171.6
2025-07-14 17:44:02.632151,119943.005
2025-07-14 17:53:12.170490,119799.755
2025-07-14 18:13:31.005459,119780.845
2025-07-14 18:47:49.126000,119799.995
2025-07-14 19:01:42.629780,119737.455
2025-07-14 19:21:47.471001,119751.375
2025-07-14 19:33:41.473317,120062.31
2025-07-14 19:43:39.149906,119750.945
2025-07-14 19:51:31.080150,119709.575
2025-07-14 19:59:06.215664,119807.785
2025-07-14 20:26:44.599387,119922.755
2025-07-14 20:43:42.983935,120261.49
2025-07-14 20:53:32.652726,120258.775
2025-07-14 21:09:33.644285,120047.08
2025-07-14 21:30:15.161256,120014.635
2025-07-14 21:42:11.097262,120068.06
2025-07-14 21:50:11.195313,120073.955
2025-07-14 21:58:10.875248,120206.555
2025-07-14 22:20:10.318329,120220.32
2025-07-14 22:42:51.513151,120202.935
2025-07-14 22:54:04.960326,120125.9
2025-07-14 23:11:07.978253,119961.705
2025-07-14 23:30:11.793838,119823.095
2025-07-14 23:43:35.781916,119853.765
2025-07-14 23:51:35.884353,119808.455
2025-07-14 23:59:20.787162,119895.695
2025-07-15 02:04:34.840978,118823.995
2025-07-15 03:42:26.516885,117007.435
2025-07-15 04:25:42.883155,117316.255
2025-07-15 04:56:07.673515,117412.465
2025-07-15 05:20:50.884044,117524.345
2025-07-15 05:44:30.754626,117174.97
2025-07-15 05:56:36.804897,117311.285
2025-07-15 06:26:24.038172,117112.865
2025-07-15 06:53:59.171642,116936.825
2025-07-15 07:14:42.530781,117034.78
2025-07-15 07:35:36.046929,116809.57
2025-07-15 07:47:44.046764,116681.105
2025-07-15 07:55:36.328535,116831.78
2025-07-15 08:20:34.838330,116607.195
2025-07-15 08:47:02.442078,116754.055
2025-07-15 09:15:52.753234,117133.385
2025-07-15 09:43:35.908871,116877.135
2025-07-15 09:56:23.125697,116857.895
2025-07-15 10:17:45.875692,116799.995
2025-07-15 10:43:36.565311,117095.605
2025-07-15 10:56:06.826946,117022.545
2025-07-15 11:14:25.744640,116798.115
2025-07-15 11:30:53.323224,116533.775
2025-07-15 11:44:09.877488,116674.015
2025-07-15 11:52:06.855504,116770.505
2025-07-15 11:59:57.279217,117143.665
2025-07-15 12:54:16.454811,117125.195
2025-07-15 13:30:40.597998,117733.94
2025-07-15 13:55:56.752355,118274.81
2025-07-15 14:15:00.175181,118408.995
2025-07-15 14:39:29.352199,116999.995
2025-07-15 14:53:05.157045,116209.275
2025-07-15 15:08:37.062598,116199.995
2025-07-15 15:32:40.611456,116108.995
2025-07-15 15:47:33.801468,116378.08
2025-07-15 15:57:23.541921,116468.635
2025-07-15 16:24:41.723246,116879.795
2025-07-15 16:49:15.636704,117542.75
2025-07-15 17:00:29.152434,117161.905
2025-07-15 17:24:43.811655,117455.665
2025-07-15 17:42:18.309625,117286.275
2025-07-15 17:52:21.175164,117347.175
2025-07-15 17:59:57.394158,117371.94
2025-07-15 18:37:53.271208,116152.525
2025-07-15 18:57:56.794111,116747.825
2025-07-15 19:17:26.817901,116910.655
2025-07-15 19:32:03.719666,116835.355
2025-07-15 19:43:47.909555,116527.155
2025-07-15 19:51:37.152957,116396.395
2025-07-15 19:59:19.431012,116478.915
2025-07-15 20:27:11.726381,116518.92
2025-07-15 20:44:39.543992,116570.455
2025-07-15 20:55:17.353400,116581.82
2025-07-15 21:12:40.533121,116692.895
2025-07-15 21:31:17.178091,117133.245
2025-07-15 21:44:15.624759,117481.515
2025-07-15 21:52:21.650531,117528.085
2025-07-15 21:59:46.549546,117562.625
2025-07-15 22:25:12.198509,117566.655
2025-07-15 22:43:42.115369,117654.6
2025-07-15 22:54:02.293823,117857.725
2025-07-15 23:10:17.130206,117977.795
2025-07-15 23:30:05.630247,117596.325
2025-07-15 23:44:23.952785,117793.625
2025-07-15 23:53:59.562274,117666.175
2025-07-16 00:55:27.904905,118104.72
2025-07-16 02:52:22.924576,117319.415
2025-07-16 03:51:46.359220,117437.305
2025-07-16 04:27:17.433307,117534.205
2025-07-16 04:57:23.529918,117581.185
2025-07-16 05:24:24.944602,117900.015
2025-07-16 05:47:38.299911,118014.58
2025-07-16 05:57:29.217357,117916.755
2025-07-16 06:29:45.349327,118052.515
2025-07-16 06:55:29.182641,118264.415
2025-07-16 07:17:05.381651,118127.495
2025-07-16 07:36:56.913195,118323.975
2025-07-16 07:49:13.255883,118219.475
2025-07-16 07:57:06.524274,118212.425
2025-07-16 08:25:22.322385,118242.335
2025-07-16 08:49:42.139918,118755.455
2025-07-16 09:12:52.161839,118987.215
2025-07-16 09:40:11.448052,118986.805
2025-07-16 09:54:02.121179,119198.995
2025-07-16 10:12:25.007533,119232.775
2025-07-16 10:41:49.269893,118929.825
2025-07-16 10:54:54.089988,118823.325
2025-07-16 11:11:57.659866,118867.435
2025-07-16 11:29:49.739869,118926.905
2025-07-16 11:42:58.654176,118886.275
2025-07-16 11:51:08.365291,118924.855
2025-07-16 11:58:58.785894,118772.545
2025-07-16 12:50:18.882615,118936.005
2025-07-16 13:28:41.749069,118843.345
2025-07-16 13:55:19.518508,118398.255
2025-07-16 14:13:39.776362,118527.505
2025-07-16 14:38:09.473921,118447.145
2025-07-16 14:52:38.933012,119026.265
2025-07-16 15:00:09.560096,119079.925
2025-07-16 15:29:32.881752,119564.595
2025-07-16 15:46:33.695305,119043.19
2025-07-16 15:57:29.309574,119158.765
2025-07-16 16:25:46.674168,119253.005
2025-07-16 16:50:50.839453,119145.12
2025-07-16 17:10:42.615450,119299.545
2025-07-16 17:36:20.196818,119726.815
2025-07-16 17:51:07.457085,119273.495
2025-07-16 17:59:00.583104,119120.68
2025-07-16 18:34:12.855934,119550.395
2025-07-16 18:56:20.383134,119710.805
2025-07-16 19:14:45.850889,119226.125
2025-07-16 19:29:53.414986,119258.165
2025-07-16 19:41:31.184861,119010.385
2025-07-16 19:49:22.243429,119165.405
2025-07-16 19:57:10.849860,119199.465
2025-07-16 20:20:43.704700,119351.7
2025-07-16 20:41:05.130211,119782.54
2025-07-16 20:53:37.149324,119803.28
2025-07-16 21:09:57.620466,120031.54
2025-07-16 21:31:09.800602,119981.705
2025-07-16 21:44:48.581512,119491.36
2025-07-16 21:54:14.841794,119572.705
2025-07-16 22:11:53.998662,119332.215
2025-07-16 22:35:57.883884,119180.49
2025-07-16 22:51:16.283233,118746.345
2025-07-16 22:59:14.753508,118708.295
2025-07-16 23:23:15.441576,118681.01
2025-07-16 23:38:10.674841,118810.4
2025-07-16 23:48:43.022688,118848.975
2025-07-16 23:56:26.784354,118696.195
2025-07-17 01:22:22.629501,118743.575
2025-07-17 03:08:46.551643,118216.395
2025-07-17 04:04:05.494481,118135.875
2025-07-17 04:46:38.242567,118431.005
2025-07-17 05:12:47.416144,118394.465
2025-07-17 05:42:00.992665,118388.165
2025-07-17 05:54:33.180713,118659.98
2025-07-17 06:18:53.066671,118469.295
2025-07-17 06:50:03.548659,118512.33
2025-07-17 07:11:47.789316,118058.785
2025-07-17 07:33:30.182705,118195.075
2025-07-17 07:46:03.781549,118581.835
2025-07-17 07:54:03.643797,118391.455
2025-07-17 08:15:48.356455,118177.025
2025-07-17 08:45:24.558152,118464.935
2025-07-17 09:00:52.041756,118354.445
2025-07-17 09:32:30.539597,119114.705
2025-07-17 09:49:01.705853,119051.165
2025-07-17 09:57:20.072182,118955.905
2025-07-17 10:23:20.713001,118650.345
2025-07-17 10:45:00.492921,118344.395
2025-07-17 10:56:34.665138,118343.755
2025-07-17 11:15:18.835123,118275.155
2025-07-17 11:32:03.506905,118185.005
2025-07-17 11:45:18.259063,118192.37
2025-07-17 11:53:12.309659,118111.125
2025-07-17 12:17:49.089202,117870.005
2025-07-17 13:06:01.266280,118054.57
2025-07-17 13:46:58.120143,117660.305
2025-07-17 13:59:02.890762,118466.215
2025-07-17 14:22:06.148707,118408.96
2025-07-17 14:43:14.315606,118715.37
2025-07-17 14:55:15.729686,118826.495
2025-07-17 15:15:10.821741,118517.195
2025-07-17 15:38:45.048589,118780.095
2025-07-17 15:52:31.663961,118921.435
2025-07-17 16:00:07.687986,118906.955
2025-07-17 16:33:39.573771,118441.935
2025-07-17 16:54:01.225703,118522.505
2025-07-17 17:11:37.863418,118949.965
2025-07-17 17:34:43.431897,118775.235
2025-07-17 17:48:59.718250,119117.345
2025-07-17 18:24:22.878104,119678.895
2025-07-17 18:51:32.961958,119653.615
2025-07-17 19:08:41.199975,119836.995
2025-07-17 19:27:30.711277,119759.355
2025-07-17 19:39:17.102994,119599.965
2025-07-17 19:47:47.308628,119380.535
2025-07-17 19:55:21.221642,119156.175
2025-07-17 20:15:27.286580,118877.145
2025-07-17 20:37:43.751967,119285.765
2025-07-17 20:51:24.188589,119197.015
2025-07-17 20:59:12.069434,119240.735
2025-07-17 21:22:30.239958,120827.0
2025-07-17 21:37:51.237051,120241.005
2025-07-17 21:48:00.737216,120564.115
2025-07-17 21:55:44.300528,120525.84
2025-07-17 22:14:58.862112,120480.005
2025-07-17 22:39:09.094150,120214.015
2025-07-17 22:52:05.644960,119946.325
2025-07-17 22:59:33.925022,119829.585
2025-07-17 23:24:43.158994,119553.095
2025-07-17 23:39:25.814897,119571.555
2025-07-17 23:49:40.076982,119507.345
2025-07-17 23:57:25.760977,119295.005
2025-07-18 01:42:26.720221,120568.255
2025-07-18 03:21:01.031178,120238.995
2025-07-18 04:09:54.348431,120013.205
2025-07-18 04:51:55.211642,120529.995
2025-07-18 05:15:56.327814,120699.255
2025-07-18 05:45:05.778357,120387.865
2025-07-18 05:57:06.631266,120611.065
2025-07-18 06:27:54.270659,120339.025
2025-07-18 06:56:14.820371,120414.625
2025-07-18 07:19:21.077924,120040.895
2025-07-18 07:38:58.925469,119831.21
2025-07-18 07:52:31.241649,119677.19
2025-07-18 08:00:14.077075,119441.14
2025-07-18 08:35:18.872327,118893.805
2025-07-18 08:56:33.768226,118615.375
2025-07-18 09:20:59.993160,118834.7
2025-07-18 09:42:57.004833,118952.04
2025-07-18 09:54:43.332353,118928.295
2025-07-18 10:14:22.250607,118725.925
2025-07-18 10:42:11.771853,118883.395
2025-07-18 10:55:48.349505,119200.02
2025-07-18 11:13:41.088683,119070.305
2025-07-18 11:30:13.612817,118958.885
2025-07-18 11:45:41.973940,119158.255
2025-07-18 11:53:59.285070,119120.185
2025-07-18 12:21:36.462051,119359.93
2025-07-18 13:07:47.792308,119063.485
2025-07-18 13:47:53.549879,118901.91
2025-07-18 14:00:01.543021,118813.485
2025-07-18 14:26:00.846680,117902.775
2025-07-18 14:44:57.891544,117783.525
2025-07-18 14:56:39.738492,118279.53
2025-07-18 15:17:57.717523,117900.555
2025-07-18 15:39:15.293462,117864.145
2025-07-18 15:54:20.257687,117927.045
2025-07-18 16:16:25.579263,117624.92
2025-07-18 16:46:06.465469,117948.235
2025-07-18 17:01:50.210499,117677.32
2025-07-18 17:28:22.398292,117977.025
2025-07-18 17:45:46.663439,117709.35
2025-07-18 17:56:43.565642,117595.515
2025-07-18 18:24:13.717353,117550.425
2025-07-18 18:50:00.862674,117628.065
2025-07-18 19:01:22.668092,117383.215
2025-07-18 19:23:14.367617,117768.865
2025-07-18 19:33:45.451704,117744.315
2025-07-18 19:43:59.940835,117615.775
2025-07-18 19:53:21.241312,117448.545
2025-07-18 20:10:40.905810,117234.06
2025-07-18 20:34:08.110543,116980.74
2025-07-18 20:48:14.848340,117359.58
2025-07-18 20:56:49.120980,117531.42
2025-07-18 21:16:59.434562,117872.475
2025-07-18 21:34:09.148470,117888.28
2025-07-18 21:45:53.034381,117886.555
2025-07-18 21:53:37.810351,117750.965
2025-07-18 22:10:05.017578,117534.635
2025-07-18 22:34:58.428121,117893.365
2025-07-18 22:50:48.963648,117800.735
2025-07-18 22:58:29.961748,117762.185
2025-07-18 23:20:49.180652,117930.385
2025-07-18 23:36:35.661595,117971.98
2025-07-18 23:47:36.982469,117972.515
2025-07-18 23:55:13.962172,117985.855
2025-07-19 01:07:38.300296,117705.405
2025-07-19 02:58:13.054300,118299.835
2025-07-19 03:52:53.238609,118343.535
2025-07-19 04:20:24.587363,118367.485
2025-07-19 04:47:49.780883,118239.03
2025-07-19 05:02:09.371267,118279.215
2025-07-19 05:30:07.842319,118238.395
2025-07-19 05:47:12.470590,118323.285
2025-07-19 05:55:27.431708,118310.155
2025-07-19 06:20:14.729506,118273.745
2025-07-19 06:47:24.790690,118244.535
2025-07-19 06:59:12.223022,118265.835
2025-07-19 07:21:29.400469,118393.295
2025-07-19 07:34:48.591083,118316.925
2025-07-19 07:44:39.997330,118268.135
2025-07-19 07:52:35.947509,118288.655
2025-07-19 08:00:10.548655,118264.235
2025-07-19 08:32:20.069880,118119.915
2025-07-19 08:51:04.700872,118125.725
2025-07-19 08:59:29.067645,118214.54
2025-07-19 09:24:31.207910,118277.855
2025-07-19 09:38:49.645226,118351.245
2025-07-19 09:48:13.164012,118388.875
2025-07-19 09:55:44.565773,118290.715
2025-07-19 10:14:46.328904,118311.825
2025-07-19 10:39:58.641676,118393.985
2025-07-19 10:52:20.299898,118454.805
2025-07-19 11:00:10.125159,118492.415
2025-07-19 11:21:11.955590,118442.175
2025-07-19 11:32:03.200240,118520.655
2025-07-19 11:42:34.226986,118501.845
2025-07-19 11:50:31.947294,118434.165
2025-07-19 11:58:17.485284,118396.625
2025-07-19 12:40:15.576687,118244.785
2025-07-19 13:17:09.484929,118332.585
2025-07-19 13:42:35.532704,118338.885
2025-07-19 13:54:34.872115,118201.495
2025-07-19 14:10:43.458334,118176.16
2025-07-19 14:32:40.523171,117980.345
2025-07-19 14:46:21.808061,117952.45
2025-07-19 14:54:05.346479,117833.91
2025-07-19 15:10:18.699886,117973.485
2025-07-19 15:31:30.434289,118290.315
2025-07-19 15:44:34.889804,118270.945
2025-07-19 15:55:06.778040,118156.495
2025-07-19 16:15:07.670562,117966.565
2025-07-19 16:43:00.269674,118077.835
2025-07-19 16:56:23.507747,118107.895
2025-07-19 17:15:27.591740,117946.275
2025-07-19 17:35:47.726670,117850.465
2025-07-19 17:47:55.782885,117877.445
2025-07-19 17:55:41.723917,117875.335
2025-07-19 18:19:24.675671,117972.915
2025-07-19 18:45:39.854504,118058.13
2025-07-19 18:58:02.526518,117940.12
2025-07-19 19:15:36.911324,117795.895
2025-07-19 19:28:10.952358,117928.255
2025-07-19 19:38:01.101349,118052.08
2025-07-19 19:45:54.123763,118158.14
2025-07-19 19:53:44.870049,118054.255
2025-07-19 20:10:45.372623,118132.695
2025-07-19 20:33:01.934417,118038.135
2025-07-19 20:46:25.916369,118017.135
2025-07-19 20:56:06.708346,118054.885
2025-07-19 21:13:52.727742,117712.94
2025-07-19 21:31:20.950148,117580.805
2025-07-19 21:43:54.161387,117584.355
2025-07-19 21:51:29.572808,117692.11
2025-07-19 21:59:12.031427,117791.575
2025-07-19 22:22:16.104137,117763.735
2025-07-19 22:40:45.525919,117814.21
2025-07-19 22:51:53.062164,117902.665
2025-07-19 22:59:28.454132,117860.575
2025-07-19 23:25:37.345964,117851.415
2025-07-19 23:42:03.724755,117879.57
2025-07-19 23:53:05.060437,117927.675
2025-07-20 00:51:39.836712,117903.535
2025-07-20 02:58:11.622585,118040.045
2025-07-20 04:05:00.829963,117998.005
2025-07-20 04:50:05.806286,118023.605
2025-07-20 05:14:25.178938,117942.885
2025-07-20 05:42:20.540626,117939.245
2025-07-20 05:54:13.025155,117935.455
2025-07-20 06:16:03.706919,117839.02
2025-07-20 06:45:50.059941,117912.365
2025-07-20 06:58:43.197542,117889.525
2025-07-20 07:20:09.088601,117969.02
2025-07-20 07:33:46.440813,118157.18
2025-07-20 07:44:23.066256,118183.605
2025-07-20 07:53:11.266631,118103.805
2025-07-20 08:11:18.222036,118283.66
2025-07-20 08:37:30.425056,118216.085
2025-07-20 08:53:57.443560,118215.665
2025-07-20 09:10:28.271361,118123.025
2025-07-20 09:31:57.551466,118116.45
2025-07-20 09:44:59.754964,118139.245
2025-07-20 09:52:33.048828,118066.205
2025-07-20 10:00:28.160310,117981.365
2025-07-20 10:28:51.614644,118043.645
2025-07-20 10:47:09.292280,117964.605
2025-07-20 10:55:53.602997,117943.065
2025-07-20 11:12:37.221593,117916.08
2025-07-20 11:27:59.828566,117901.165
2025-07-20 11:38:46.543125,117947.055
2025-07-20 11:46:34.431922,117998.385
2025-07-20 11:54:13.959158,117972.355
2025-07-20 12:20:41.693700,117979.085
2025-07-20 13:03:12.771111,118196.095
2025-07-20 13:37:31.900501,118179.675
2025-07-20 13:51:24.997528,118249.995
2025-07-20 13:59:03.211303,118382.605
2025-07-20 14:20:22.047882,118702.125
2025-07-20 14:38:55.899496,118626.925
2025-07-20 14:49:26.700238,118590.415
2025-07-20 14:57:02.658786,118555.865
2025-07-20 15:17:42.100441,118622.86
2025-07-20 15:35:20.257208,118770.405
2025-07-20 15:46:57.793738,118663.305
2025-07-20 15:55:30.983849,118758.175
2025-07-20 16:16:15.122795,118619.205
2025-07-20 16:42:17.334142,118825.005
2025-07-20 16:55:29.224209,118660.005
2025-07-20 17:11:54.639641,118336.115
2025-07-20 17:32:21.840204,118442.015
2025-07-20 17:46:46.318903,118177.875
2025-07-20 17:54:32.444002,118090.615
2025-07-20 18:15:26.306859,118237.48
2025-07-20 18:44:13.584104,118267.115
2025-07-20 18:57:20.620991,118430.175
2025-07-20 19:14:13.684312,118544.165
2025-07-20 19:27:23.268254,118579.805
2025-07-20 19:37:39.892432,118482.495
2025-07-20 19:45:19.273097,118404.325
2025-07-20 19:53:13.610471,118389.995
2025-07-20 20:09:44.559978,118079.025
2025-07-20 20:32:57.214307,118170.465
2025-07-20 20:46:33.066261,118262.625
2025-07-20 20:55:22.588798,118206.005
2025-07-20 21:12:49.138807,117966.995
2025-07-20 21:30:51.077252,118189.67
2025-07-20 21:43:33.626027,118067.755
2025-07-20 21:51:18.330134,118090.015
2025-07-20 21:58:46.458478,118065.975
2025-07-20 22:21:24.431115,117105.695
2025-07-20 22:40:41.342030,117411.745
2025-07-20 22:51:48.099599,117685.58
2025-07-20 23:01:50.355278,117504.225
2025-07-20 23:24:39.336843,117340.88
2025-07-20 23:39:37.181575,117137.885
2025-07-20 23:50:01.424597,117316.2
2025-07-21 01:47:35.318558,117037.06
2025-07-21 03:26:56.534288,118485.605
2025-07-21 04:27:45.327283,118557.045
2025-07-21 05:00:48.410258,118373.475
2025-07-21 05:34:44.016327,118318.865
2025-07-21 05:53:24.489140,118440.125
2025-07-21 06:16:01.464589,118409.075
2025-07-21 06:50:04.960529,119024.91
2025-07-21 07:15:47.536616,119401.49
2025-07-21 07:42:41.602058,119353.045
2025-07-21 07:55:09.718004,119339.945
2025-07-21 08:21:31.105615,119366.165
2025-07-21 08:50:33.653395,119149.125
2025-07-21 09:15:44.871398,118983.965
2025-07-21 09:44:25.952992,118642.2
2025-07-21 09:56:52.923756,118708.915
2025-07-21 10:20:38.072373,118760.615
2025-07-21 10:45:56.606548,118585.905
2025-07-21 10:58:35.238133,118619.75
2025-07-21 11:19:34.671881,118667.125
2025-07-21 11:34:41.004081,118633.015
2025-07-21 11:48:04.471240,118394.485
2025-07-21 11:55:52.235537,118245.395
2025-07-21 12:32:52.628348,118357.135
2025-07-21 13:22:09.005570,118262.94
2025-07-21 13:52:52.732057,119064.085
2025-07-21 14:11:27.845126,118617.165
2025-07-21 14:40:52.413378,118872.465
2025-07-21 14:55:35.712854,118870.365
2025-07-21 15:16:01.246591,118901.495
2025-07-21 15:39:58.277051,118573.645
2025-07-21 15:53:33.478714,118617.85
2025-07-21 16:12:08.435739,118035.6
2025-07-21 16:44:02.326903,117944.015
2025-07-21 16:59:59.709329,117826.94
2025-07-21 17:25:43.161877,117858.475
2025-07-21 17:44:34.453904,117470.52
2025-07-21 17:54:41.254093,117836.155
2025-07-21 18:18:50.994810,118022.325
2025-07-21 18:48:56.312453,117225.745
2025-07-21 19:01:57.147463,117183.155
2025-07-21 19:25:09.999945,117429.765
2025-07-21 19:37:33.452932,117002.835
2025-07-21 19:46:22.532053,116821.985
2025-07-21 19:54:20.875737,116946.11
2025-07-21 20:13:19.840238,116915.035
2025-07-21 20:36:23.491632,117159.315
2025-07-21 20:50:58.793647,117248.14
2025-07-21 20:58:42.261820,117002.935
2025-07-21 21:21:40.161632,117177.235
2025-07-21 21:38:08.534149,117263.565
2025-07-21 21:48:49.259823,117375.515
2025-07-21 21:56:32.736310,117335.65
2025-07-21 22:17:24.961621,117341.47
2025-07-21 22:40:40.119065,117652.725
2025-07-21 22:52:40.137653,117611.25
2025-07-21 23:00:11.451990,117404.495
2025-07-21 23:26:15.980066,117315.195
2025-07-21 23:40:19.511216,117522.615
2025-07-21 23:50:27.185525,117491.125
2025-07-21 23:58:01.048913,117477.825
2025-07-22 01:48:08.608223,117863.775
2025-07-22 03:21:27.411014,116771.165
2025-07-22 04:10:02.383254,117299.995
2025-07-22 04:50:37.284057,116809.085
2025-07-22 05:14:23.186333,117204.52
2025-07-22 05:42:46.561712,117299.605
2025-07-22 05:55:51.631277,117325.085
2025-07-22 06:23:09.752301,117701.195
2025-07-22 06:51:40.058921,117656.925
2025-07-22 07:12:55.544564,118264.495
2025-07-22 07:34:50.462722,118283.225
2025-07-22 07:47:33.270172,118189.47
2025-07-22 07:55:27.896841,118082.945
2025-07-22 08:21:01.390120,117929.795
2025-07-22 08:47:40.563011,118093.775
2025-07-22 09:02:35.797292,118222.405
2025-07-22 09:34:47.358761,118428.845
2025-07-22 09:51:16.742544,118495.525
2025-07-22 09:58:50.091629,118469.035
2025-07-22 10:26:30.137641,118484.815
2025-07-22 10:48:12.386516,118840.005
2025-07-22 10:58:14.799204,118960.625
2025-07-22 11:18:32.080992,119029.065
2025-07-22 11:33:29.558132,119070.31
2025-07-22 11:45:33.637550,119128.595
2025-07-22 11:53:10.035431,119216.145
2025-07-22 12:17:54.543109,119276.285
2025-07-22 13:07:03.624659,119516.825
2025-07-22 13:48:12.165757,119174.32
2025-07-22 14:01:26.287435,117969.3
2025-07-22 14:29:03.375411,118319.255
2025-07-22 14:48:27.886027,118802.08
2025-07-22 14:58:12.160320,119049.105
2025-07-22 15:22:34.812177,119043.87
2025-07-22 15:42:13.252365,119054.795
2025-07-22 15:54:44.955789,118995.865
2025-07-22 16:16:11.000600,119346.305
2025-07-22 16:46:40.641446,118845.335
2025-07-22 17:01:33.143978,118695.965
2025-07-22 17:28:55.224418,118715.665
2025-07-22 17:46:54.632302,119171.315
2025-07-22 17:55:54.378404,119208.005
2025-07-22 18:21:58.354966,119384.475
2025-07-22 18:50:46.489682,119446.37
2025-07-22 19:08:19.381491,119825.215
2025-07-22 19:27:37.757567,119509.995
2025-07-22 19:37:56.698412,119432.195
2025-07-22 19:45:44.187070,119312.47
2025-07-22 19:53:39.998883,119384.365
2025-07-22 20:11:57.911553,119651.615
2025-07-22 20:35:32.523259,119662.38
2025-07-22 20:50:14.876383,119759.905
2025-07-22 20:58:19.888888,119838.445
2025-07-22 21:20:38.881742,119605.435
2025-07-22 21:37:43.829462,119534.625
2025-07-22 21:48:14.280762,119561.765
2025-07-22 21:56:08.459717,119617.745
2025-07-22 22:15:34.105920,119697.835
2025-07-22 22:37:51.539142,119971.325
2025-07-22 22:51:48.082619,119979.005
2025-07-22 22:59:35.075398,119915.295
2025-07-22 23:24:38.767859,120178.965
2025-07-22 23:39:38.572308,120067.475
2025-07-22 23:50:04.613332,120039.535
2025-07-22 23:57:57.095144,119981.425
2025-07-23 01:48:05.856822,119677.115
2025-07-23 03:23:10.149592,118937.865
2025-07-23 04:11:41.191115,118737.245
2025-07-23 04:53:23.226974,118833.115
2025-07-23 05:18:59.769333,118963.78
2025-07-23 05:47:45.348080,118812.095
2025-07-23 05:59:06.082797,118676.445
2025-07-23 06:35:54.742536,118593.685
2025-07-23 06:59:04.742502,118473.41
2025-07-23 07:26:30.540316,118523.095
2025-07-23 07:44:02.185078,118537.165
2025-07-23 07:54:04.945666,118482.345
2025-07-23 08:16:16.351078,118590.295
2025-07-23 08:46:55.354190,118368.845
2025-07-23 09:02:52.981534,118500.005
2025-07-23 09:36:04.068288,118180.595
2025-07-23 09:52:34.735176,118217.905
2025-07-23 10:00:18.257870,118095.525
2025-07-23 10:29:59.130136,118316.955
2025-07-23 10:50:34.386755,118372.94
2025-07-23 10:59:01.001412,118444.995
2025-07-23 11:21:10.501128,118399.375
2025-07-23 11:36:47.826212,118620.685
2025-07-23 11:47:43.595826,118590.225
2025-07-23 11:55:51.414822,118569.755
2025-07-23 12:32:27.526636,118658.625
2025-07-23 13:22:30.265650,118023.17
2025-07-23 13:51:38.131084,117380.64
2025-07-23 14:10:48.034980,117741.84
2025-07-23 14:38:58.633644,118039.735
2025-07-23 14:56:26.299950,117990.835
2025-07-23 15:18:56.945630,117982.215
2025-07-23 15:42:17.747747,118239.765
2025-07-23 15:55:29.502947,118543.605
2025-07-23 16:18:53.355973,117885.065
2025-07-23 16:48:09.239871,117760.855
2025-07-23 17:02:56.326866,117939.34
2025-07-23 17:30:28.163923,117695.085
2025-07-23 17:48:24.934420,117970.555
2025-07-23 17:56:29.101136,118019.065
2025-07-23 18:24:52.533013,118267.475
2025-07-23 18:51:46.358436,118380.515
2025-07-23 19:08:58.235079,118492.885
2025-07-23 19:28:09.789699,118438.645
2025-07-23 19:39:53.665487,118414.72
2025-07-23 19:48:49.977392,118439.195
2025-07-23 19:56:19.295196,118392.525
2025-07-23 20:18:53.901915,118368.585
2025-07-23 20:41:13.487396,117652.595
2025-07-23 20:54:21.650793,117999.755
2025-07-23 21:12:00.535144,118017.41
2025-07-23 21:32:18.038439,117734.24
2025-07-23 21:45:37.424597,117913.85
2025-07-23 21:53:24.671608,118121.655
2025-07-23 22:09:43.253335,118276.665
2025-07-23 22:34:59.594679,118637.565
2025-07-23 22:50:01.655539,118672.175
2025-07-23 22:57:42.825349,118568.495
2025-07-23 23:20:20.852379,118716.935
2025-07-23 23:37:51.764915,118617.195
2025-07-23 23:49:14.281635,118569.825
2025-07-23 23:56:53.371933,118668.4
2025-07-24 01:27:07.456116,119043.585
2025-07-24 03:15:35.330871,119061.995
2025-07-24 04:09:03.745122,118495.795
2025-07-24 04:50:18.657089,118083.06
2025-07-24 05:15:16.244763,117676.175
2025-07-24 05:43:53.715066,117946.395
2025-07-24 05:56:19.599936,117688.405
2025-07-24 06:25:41.026908,117848.065
2025-07-24 06:54:08.220080,117487.745
2025-07-24 07:15:37.329025,118100.425
2025-07-24 07:37:11.762913,118026.555
2025-07-24 07:49:31.464329,118225.125
2025-07-24 07:56:56.615339,118423.035
2025-07-24 08:25:58.856118,118659.045
2025-07-24 08:51:14.385094,118814.955
2025-07-24 09:13:16.361131,118722.355
2025-07-24 09:39:17.944905,118530.745
2025-07-24 09:53:18.696925,118465.265
2025-07-24 10:11:02.641809,118375.695
2025-07-24 10:40:57.378771,118135.015
2025-07-24 10:55:19.957425,118390.405
2025-07-24 11:13:21.363421,118534.385
2025-07-24 11:30:40.256191,118678.625
2025-07-24 11:44:19.620714,118701.185
2025-07-24 11:52:11.609325,118732.325
2025-07-24 11:59:57.350763,118661.365
2025-07-24 12:55:09.675510,118459.705
2025-07-24 13:33:52.279003,118612.015
2025-07-24 13:57:32.218520,118341.565
2025-07-24 14:20:57.747460,118093.575
2025-07-24 14:44:39.492668,118708.185
2025-07-24 14:57:24.229382,119054.035
2025-07-24 15:19:16.783807,119232.815
2025-07-24 15:39:21.359598,118751.595
2025-07-24 15:52:03.406133,119118.625
2025-07-24 15:59:32.605672,119177.0
2025-07-24 16:29:36.017856,118792.075
2025-07-24 16:52:04.268626,118639.865
2025-07-24 17:09:43.555066,118949.715
2025-07-24 17:34:52.811927,119188.385
2025-07-24 17:49:24.462627,119291.055
2025-07-24 17:56:59.566752,119313.88
2025-07-24 18:27:22.659289,119290.155
2025-07-24 18:53:38.513304,119184.555
2025-07-24 19:10:34.885186,119309.865
2025-07-24 19:28:37.268596,119162.535
2025-07-24 19:40:34.081201,119098.385
2025-07-24 19:48:54.838882,119155.735
2025-07-24 19:56:30.801589,119180.945
2025-07-24 20:17:54.142248,118966.305
2025-07-24 20:39:01.764691,118865.015
2025-07-24 20:52:02.704600,118828.89
2025-07-24 20:59:50.251244,118774.35
2025-07-24 21:25:02.940678,118642.125
2025-07-24 21:39:06.482629,118546.79
2025-07-24 21:47:33.604954,118653.085
2025-07-24 21:55:16.542771,118651.51
2025-07-24 22:14:19.733379,118539.45
2025-07-24 22:38:30.308029,118478.205
2025-07-24 22:52:01.191784,118260.525
2025-07-24 22:59:29.576294,118387.15
2025-07-24 23:24:35.354135,118425.545
2025-07-24 23:39:27.974652,118381.335
2025-07-24 23:49:46.030465,118338.395
2025-07-24 23:57:26.526309,118389.885
2025-07-25 01:41:32.450048,117512.715
2025-07-25 03:20:38.307015,116045.49
2025-07-25 04:09:41.158279,115260.065
2025-07-25 04:50:47.555827,116041.485
2025-07-25 05:16:48.813085,115519.0
2025-07-25 05:46:45.922804,115572.025
2025-07-25 05:58:12.610849,115553.335
2025-07-25 06:33:17.103040,115284.475
2025-07-25 06:58:18.002825,115342.755
2025-07-25 07:23:41.862477,115572.385
2025-07-25 07:40:46.548845,115376.595
2025-07-25 07:50:40.624190,115200.205
2025-07-25 07:58:32.269978,115066.095
2025-07-25 08:30:11.560157,115753.605
2025-07-25 08:53:32.688623,115356.75
2025-07-25 09:13:55.104174,115126.175
2025-07-25 09:40:58.902013,115766.115
2025-07-25 09:54:36.335374,115668.245
2025-07-25 10:13:46.756686,116168.975
2025-07-25 10:42:57.418101,116417.105
2025-07-25 10:55:52.733166,116418.045
2025-07-25 11:13:56.184931,116584.695
2025-07-25 11:31:14.048043,116706.355
2025-07-25 11:44:38.189027,116499.995
2025-07-25 11:52:33.986160,116502.575
2025-07-25 12:00:06.589240,116534.125
2025-07-25 12:54:52.212946,116163.475
2025-07-25 13:31:28.305154,115989.11
2025-07-25 13:55:01.636505,115984.975
2025-07-25 14:13:19.487737,115744.065
2025-07-25 14:37:31.429334,115516.575
2025-07-25 14:52:08.601579,115112.215
2025-07-25 14:59:58.382173,114972.705
2025-07-25 15:28:25.871124,115620.205
2025-07-25 15:45:42.150477,115408.285
2025-07-25 15:56:06.639707,115813.87
2025-07-25 16:20:15.594801,115691.875
2025-07-25 16:46:46.466041,115940.76
2025-07-25 17:00:47.777287,116221.925
2025-07-25 17:27:34.204070,116224.675
2025-07-25 17:45:25.106655,116242.745
2025-07-25 17:53:26.865700,116136.095
2025-07-25 18:14:02.886636,116412.1
2025-07-25 18:47:05.625372,116493.105
2025-07-25 19:00:39.097001,116497.235
2025-07-25 19:23:15.131975,116636.805
2025-07-25 19:34:42.571168,116807.245
2025-07-25 19:44:41.118965,116973.375
2025-07-25 19:52:54.928311,116924.175
2025-07-25 20:00:32.752641,116717.415
2025-07-25 20:30:01.480776,116735.615
2025-07-25 20:46:36.123675,117314.435
2025-07-25 20:56:31.039979,117116.955
2025-07-25 21:16:20.124067,117314.065
2025-07-25 21:33:44.519301,117165.095
2025-07-25 21:46:02.583400,117062.675
2025-07-25 21:53:45.352423,117203.385
2025-07-25 22:10:11.372371,117243.205
2025-07-25 22:34:55.069840,117281.175
2025-07-25 22:50:47.608385,117303.715
2025-07-25 22:58:35.666842,117305.095
2025-07-25 23:21:46.827315,117380.475
2025-07-25 23:37:28.953004,117448.675
2025-07-25 23:48:50.822048,117612.575
2025-07-25 23:56:34.674913,117633.025
2025-07-26 01:22:02.670420,117543.065
2025-07-26 03:03:08.935960,117601.305
2025-07-26 04:02:18.765289,117511.165
2025-07-26 04:42:02.171957,117526.865
2025-07-26 05:01:46.351803,117547.385
2025-07-26 05:30:27.991933,117592.885
2025-07-26 05:48:37.396216,117510.075
2025-07-26 05:56:45.443725,117487.995
2025-07-26 06:24:41.838993,117382.16
2025-07-26 06:50:25.961608,117444.255
2025-07-26 07:01:21.877532,117406.825
2025-07-26 07:26:47.679050,117389.805
2025-07-26 07:39:29.468591,117365.485
2025-07-26 07:47:57.316843,117423.385
2025-07-26 07:55:43.173732,117392.055
2025-07-26 08:18:40.692407,117442.62
2025-07-26 08:43:04.639960,117537.315
2025-07-26 08:56:27.874460,117580.545
2025-07-26 09:16:30.615249,117600.055
2025-07-26 09:34:31.775860,117498.745
2025-07-26 09:46:33.195606,117586.825
2025-07-26 09:54:24.229338,117628.735
2025-07-26 10:11:47.278475,117631.985
2025-07-26 10:36:38.171356,117871.755
2025-07-26 10:50:28.999694,118016.445
2025-07-26 10:58:19.005750,118041.055
2025-07-26 11:17:40.899509,118080.165
2025-07-26 11:31:15.646729,117949.605
2025-07-26 11:43:01.915830,117876.98
2025-07-26 11:51:00.468050,117889.105
2025-07-26 11:58:53.088965,117856.545
2025-07-26 12:43:41.121480,117990.775
2025-07-26 13:19:04.729043,118228.875
2025-07-26 13:45:14.592018,118270.195
2025-07-26 13:55:25.723319,118192.89
2025-07-26 14:12:47.543891,118238.075
2025-07-26 14:34:23.881507,118121.105
2025-07-26 14:47:49.259184,118197.905
2025-07-26 14:55:41.113318,118128.125
2025-07-26 15:14:10.964291,117990.025
2025-07-26 15:34:52.638120,117993.745
2025-07-26 15:48:52.562358,117999.105
2025-07-26 15:58:25.963360,118191.43
2025-07-26 16:25:33.421530,118212.485
2025-07-26 16:47:16.334714,118097.095
2025-07-26 16:58:27.594123,118116.275
2025-07-26 17:20:11.484229,118075.695
2025-07-26 17:39:50.034344,118076.855
2025-07-26 17:50:34.254622,118062.515
2025-07-26 17:58:30.089865,118098.475
2025-07-26 18:29:42.049625,118114.735
2025-07-26 18:52:41.400101,118145.885
2025-07-26 19:03:18.323367,118152.545
2025-07-26 19:22:59.778576,118133.555
2025-07-26 19:31:52.708236,118155.085
2025-07-26 19:43:10.669385,118172.18
2025-07-26 19:51:00.255404,118315.345
2025-07-26 19:58:34.559937,118273.525
2025-07-26 20:23:07.442922,118109.945
2025-07-26 20:39:34.776305,118024.615
2025-07-26 20:50:46.997112,117990.625
2025-07-26 20:58:26.487062,118046.135
2025-07-26 21:19:32.959894,117994.955
2025-07-26 21:34:15.396445,118026.975
2025-07-26 21:46:02.841262,118006.235
2025-07-26 21:53:51.120143,118100.725
2025-07-26 22:09:56.966407,118146.715
2025-07-26 22:33:58.213228,118061.735
2025-07-26 22:48:31.440987,118103.355
2025-07-26 22:56:08.873116,118129.295
2025-07-26 23:15:42.437217,118035.005
2025-07-26 23:32:53.839124,117966.785
2025-07-26 23:45:45.974326,117939.835
2025-07-26 23:53:39.858207,117945.055
2025-07-27 00:58:14.097509,117965.955
2025-07-27 03:07:20.295200,118181.415
2025-07-27 04:12:52.647310,118207.515
2025-07-27 04:54:36.348962,118237.015
2025-07-27 05:19:08.889668,118242.225
2025-07-27 05:44:55.164660,118329.235
2025-07-27 05:56:05.439416,118294.835
2025-07-27 06:23:03.804905,118372.815
2025-07-27 06:49:32.890188,118366.565
2025-07-27 07:01:11.630301,118320.775
2025-07-27 07:26:02.562602,118204.295
2025-07-27 07:38:25.198082,118202.195
2025-07-27 07:47:53.994606,118202.195
2025-07-27 07:55:37.395080,118123.395
2025-07-27 08:18:30.486616,118101.495
2025-07-27 08:42:44.623237,118082.605
2025-07-27 08:56:01.660196,117999.995
2025-07-27 09:15:53.147104,117993.465
2025-07-27 09:35:22.119058,117900.075
2025-07-27 09:48:46.072866,117906.005
2025-07-27 09:56:09.180113,117894.195
2025-07-27 10:16:32.973733,118221.175
2025-07-27 10:41:21.521411,118259.205
2025-07-27 10:53:12.799576,118342.375
2025-07-27 11:07:20.303230,118283.975
2025-07-27 11:25:33.179423,118245.295
2025-07-27 11:36:47.868896,118239.155
2025-07-27 11:45:14.922214,118202.195
2025-07-27 11:53:07.515405,118115.935
2025-07-27 12:15:22.887709,118143.625
2025-07-27 13:01:06.689519,118205.135
2025-07-27 13:36:32.132517,118202.685
2025-07-27 13:50:35.211139,118219.555
2025-07-27 13:58:10.857571,118259.665
2025-07-27 14:18:20.004159,118430.865
2025-07-27 14:38:05.650249,118407.785
2025-07-27 14:49:13.178321,118319.925
2025-07-27 14:57:00.674795,118456.97
2025-07-27 15:17:36.276036,118412.115
2025-07-27 15:35:52.151141,118409.845
2025-07-27 15:47:26.538075,118479.565
2025-07-27 15:55:35.360381,118585.47
2025-07-27 16:16:51.996439,119216.315
2025-07-27 16:43:04.558200,119523.115
2025-07-27 16:56:09.725966,119138.055
2025-07-27 17:13:51.762811,119122.485
2025-07-27 17:35:02.577579,119203.135
2025-07-27 17:47:56.097139,119182.995
2025-07-27 17:55:58.658906,119239.715
2025-07-27 18:20:35.062088,119237.495
2025-07-27 18:46:45.631386,119097.965
2025-07-27 18:59:49.648364,119072.215
2025-07-27 19:21:14.317979,118946.185
2025-07-27 19:31:37.056841,119027.325
2025-07-27 19:42:44.759992,119040.565
2025-07-27 19:50:36.890398,119038.785
2025-07-27 19:58:29.472019,118994.465
2025-07-27 20:23:37.394995,119078.295
2025-07-27 20:40:26.305764,118958.405
2025-07-27 20:52:05.671114,118921.965
2025-07-27 20:59:40.899351,118788.115
2025-07-27 21:23:05.096006,118860.285
2025-07-27 21:37:16.558007,119084.795
2025-07-27 21:46:58.772625,119184.175
2025-07-27 21:54:42.248730,119280.005
2025-07-27 22:12:28.162970,119725.125
2025-07-27 22:35:20.186890,119734.935
2025-07-27 22:50:24.426139,119765.755
2025-07-27 22:58:04.317272,119577.005
2025-07-27 23:20:23.407941,119454.205
2025-07-27 23:38:04.947056,119416.605
2025-07-27 23:49:43.906568,119395.68
2025-07-27 23:57:32.998750,119457.855
2025-07-28 01:49:14.934831,119044.065
2025-07-28 03:28:03.654171,119296.015
2025-07-28 04:30:13.911489,119178.885
2025-07-28 05:03:55.271861,119206.455
2025-07-28 05:38:36.645522,119414.675
2025-07-28 05:56:08.165961,119675.185
2025-07-28 06:26:51.997383,119526.395
2025-07-28 06:57:19.900386,119493.375
2025-07-28 07:24:11.236954,119034.155
2025-07-28 07:44:22.275530,118940.925
2025-07-28 07:55:05.155321,118942.795
2025-07-28 08:20:48.037275,118926.005
2025-07-28 08:49:04.211723,118917.715
2025-07-28 09:14:30.852802,118943.285
2025-07-28 09:43:26.745349,118738.905
2025-07-28 09:56:24.384075,119014.445
2025-07-28 10:19:02.594323,118862.695
2025-07-28 10:45:30.560590,118678.945
2025-07-28 10:58:30.748874,118771.475
2025-07-28 11:19:00.554705,118640.065
2025-07-28 11:34:25.140153,118505.015
2025-07-28 11:46:02.151693,118714.195
2025-07-28 11:53:53.116949,118800.005
2025-07-28 12:21:56.686003,119033.915
2025-07-28 13:09:40.381657,118848.455
2025-07-28 13:50:35.670056,118411.835
2025-07-28 14:11:02.560553,118481.765
2025-07-28 14:39:57.521127,118147.83
2025-07-28 14:56:07.764500,118145.325
2025-07-28 15:18:16.244755,118260.55
2025-07-28 15:41:37.659858,118214.365
2025-07-28 15:54:57.493931,118167.485
2025-07-28 16:18:01.780157,118151.11
2025-07-28 16:48:43.530472,118325.065
2025-07-28 17:10:50.879281,117948.755
2025-07-28 17:35:47.527319,117934.295
2025-07-28 17:50:07.933436,117745.585
2025-07-28 17:57:52.858957,117713.525
2025-07-28 18:31:47.826530,117512.825
2025-07-28 18:56:57.385494,117788.475
2025-07-28 19:17:19.319530,118178.64
2025-07-28 19:32:25.370473,117971.185
2025-07-28 19:43:53.263605,117838.59
2025-07-28 19:51:58.561465,117629.305
2025-07-28 19:59:36.769400,118021.755
2025-07-28 20:29:08.630235,117570.585
2025-07-28 20:47:20.367398,117958.485
2025-07-28 20:57:50.626823,118034.395
2025-07-28 21:19:08.352735,118111.765
2025-07-28 21:35:02.702983,118032.455
2025-07-28 21:47:07.721692,118336.92
2025-07-28 21:54:57.752519,118039.235
2025-07-28 22:13:33.842420,118099.335
2025-07-28 22:41:10.373604,117968.955
2025-07-28 22:56:01.333553,117873.155
2025-07-28 23:16:31.497287,117980.84
2025-07-28 23:37:37.793562,118087.495
2025-07-28 23:51:58.131446,118088.09
2025-07-28 23:59:47.118528,118030.335
2025-07-29 02:25:10.586631,117643.975
2025-07-29 03:56:28.743228,118716.275
2025-07-29 04:43:57.975914,118546.355
2025-07-29 05:17:22.653366,118552.305
2025-07-29 05:47:08.843752,118796.605
2025-07-29 05:59:25.244698,118763.825
2025-07-29 06:37:48.744139,118976.175
2025-07-29 07:00:23.192088,118747.405
2025-07-29 07:30:00.708203,118816.715
2025-07-29 07:46:38.552581,119143.09
2025-07-29 07:55:47.963110,118988.585
2025-07-29 08:21:36.736144,119044.165
2025-07-29 08:48:10.511129,118990.425
2025-07-29 09:13:10.430387,118882.885
2025-07-29 09:41:32.749701,118805.945
2025-07-29 09:55:48.219157,118801.365
2025-07-29 10:17:01.867729,118694.945
2025-07-29 10:44:16.792893,118518.335
2025-07-29 10:57:22.500025,118452.825
2025-07-29 11:17:02.744509,118459.945
2025-07-29 11:32:41.748221,118529.895
2025-07-29 11:45:24.273906,118444.505
2025-07-29 11:53:12.351629,118513.555
2025-07-29 12:18:37.908648,118568.39
2025-07-29 13:09:23.232841,118774.725
2025-07-29 13:51:17.940417,118643.495
2025-07-29 14:13:03.289019,118158.02
2025-07-29 14:43:47.042499,118283.655
2025-07-29 14:59:28.279991,117773.775
2025-07-29 15:29:09.104387,117540.895
2025-07-29 15:48:56.503630,117509.765
2025-07-29 15:59:49.997081,117409.135
2025-07-29 16:33:05.836681,117278.495
2025-07-29 16:56:49.534422,117652.415
2025-07-29 17:19:28.001647,117760.185
2025-07-29 17:43:09.554156,117800.77
2025-07-29 17:55:06.245064,117706.505
2025-07-29 18:20:46.527820,117640.325
2025-07-29 18:52:10.084350,117762.185
2025-07-29 19:11:51.772842,117632.345
2025-07-29 19:31:02.218938,117404.865
2025-07-29 19:43:29.183031,117495.75
2025-07-29 19:52:03.325778,117469.68
2025-07-29 19:59:35.918410,117514.06
2025-07-29 20:29:00.687491,117518.435
2025-07-29 20:47:18.985608,117140.275
2025-07-29 20:57:44.401917,117311.33
2025-07-29 21:19:45.777042,117287.695
2025-07-29 21:38:10.200926,117283.085
2025-07-29 21:50:03.428727,117434.225
2025-07-29 21:57:48.282241,117610.66
2025-07-29 22:20:15.594522,117501.07
2025-07-29 22:42:25.976397,117763.8
2025-07-29 22:54:44.599684,117802.005
2025-07-29 23:12:56.065837,117853.335
2025-07-29 23:32:43.336496,117925.89
2025-07-29 23:46:35.078494,117719.58
2025-07-30 01:05:39.429392,117776.815
2025-07-30 03:08:22.089994,117934.94
2025-07-30 04:10:49.928705,118256.885
2025-07-30 04:55:02.895477,118012.985
2025-07-30 05:23:35.098382,117867.545
2025-07-30 05:50:37.589743,117987.095
2025-07-30 06:00:50.814549,118003.51
2025-07-30 06:45:40.125694,118263.365
2025-07-30 07:03:45.073029,118301.375
2025-07-30 07:34:00.427090,118251.655
2025-07-30 07:49:58.482053,118187.625
2025-07-30 07:57:52.500398,118130.405
2025-07-30 08:29:21.706304,118106.01
2025-07-30 08:55:09.128547,118473.675
2025-07-30 09:21:05.737532,118261.485
2025-07-30 09:46:36.821439,118058.01
2025-07-30 09:58:26.132362,118168.445
2025-07-30 10:24:59.216575,118287.45
2025-07-30 10:47:16.899129,118418.485
2025-07-30 10:58:38.056970,118094.495
2025-07-30 11:20:12.365438,117840.485
2025-07-30 11:35:29.780216,117960.035
2025-07-30 11:46:56.472225,117820.985
2025-07-30 11:55:02.583911,117582.185
2025-07-30 12:28:33.542975,117791.605
2025-07-30 13:21:45.018856,117538.94
2025-07-30 13:54:06.680608,117552.245
2025-07-30 14:13:07.780653,117678.54
2025-07-30 14:41:15.359536,118116.29
2025-07-30 14:55:55.684853,118621.915
2025-07-30 15:16:53.092369,118416.915
2025-07-30 15:41:24.012071,118203.275
2025-07-30 15:55:29.700896,118008.475
2025-07-30 16:19:02.199495,117920.025
2025-07-30 16:46:35.167475,117800.855
2025-07-30 17:01:21.743763,117752.41
2025-07-30 17:28:46.884948,117831.045
2025-07-30 17:47:32.157944,117745.475
2025-07-30 17:56:42.369049,117738.1
2025-07-30 18:26:11.876334,117527.975
2025-07-30 18:54:07.121157,116873.04
2025-07-30 19:12:44.338133,115941.445
2025-07-30 19:30:07.460079,116402.895
2025-07-30 19:42:17.080106,116472.445
2025-07-30 19:50:18.902128,116983.86
2025-07-30 19:58:00.587437,117037.745
2025-07-30 20:22:08.902432,117179.705
2025-07-30 20:40:36.669309,117043.295
2025-07-30 20:53:42.275853,117042.765
2025-07-30 21:09:56.246117,117116.305
2025-07-30 21:31:42.593493,117045.835
2025-07-30 21:45:41.636310,117098.505
2025-07-30 21:53:38.630049,117292.135
2025-07-30 22:10:27.217186,117394.415
2025-07-30 22:35:55.168800,117325.945
2025-07-30 22:51:04.255773,117445.415
2025-07-30 22:58:50.554270,117446.035
2025-07-30 23:22:57.361901,117576.08
2025-07-30 23:39:14.188468,117699.915
2025-07-30 23:51:11.841113,117884.335
2025-07-30 23:58:59.529125,117829.865
2025-07-31 02:01:31.571489,118056.015
2025-07-31 03:45:25.966227,118480.025
2025-07-31 04:30:05.555415,118368.605
2025-07-31 05:00:58.006768,118509.995
2025-07-31 05:35:11.741297,118394.785
2025-07-31 05:54:06.013816,118333.605
2025-07-31 06:17:59.139827,118329.995
2025-07-31 06:52:00.527846,118647.655
2025-07-31 07:14:00.038515,118640.795
2025-07-31 07:36:23.908129,118739.065
2025-07-31 07:49:26.054337,118716.45
2025-07-31 07:57:07.195369,118654.245
2025-07-31 08:26:41.117864,118661.195
2025-07-31 08:52:24.456474,118673.335
2025-07-31 09:14:56.314346,118518.965
2025-07-31 09:42:20.342417,118564.995
2025-07-31 09:55:21.084056,118597.225
2025-07-31 10:15:52.748429,118571.755
2025-07-31 10:44:07.581972,118475.005
2025-07-31 10:57:11.262876,118533.095
2025-07-31 11:16:47.598383,118504.055
2025-07-31 11:32:58.994562,118384.505
2025-07-31 11:45:54.555676,118352.445
2025-07-31 11:53:47.344418,118293.535
2025-07-31 12:19:42.225891,118395.265
2025-07-31 13:07:54.926956,118406.255
2025-07-31 13:48:58.558074,118464.715
2025-07-31 14:01:41.196198,118629.965
2025-07-31 14:31:32.220284,118031.495
2025-07-31 14:51:52.975986,118027.16
2025-07-31 15:00:40.711912,117931.245
2025-07-31 15:30:51.931290,118080.685
2025-07-31 15:48:20.057194,118276.67
2025-07-31 15:59:03.059616,118267.3
2025-07-31 16:31:09.957076,118593.03
2025-07-31 16:55:21.222896,118547.94
2025-07-31 17:15:58.463325,118224.93
2025-07-31 17:40:00.551813,118084.07
2025-07-31 17:52:18.040782,117948.205
2025-07-31 18:00:05.896008,117754.1
2025-07-31 18:39:10.810695,117901.56
2025-07-31 18:59:18.319143,117640.175
2025-07-31 19:21:04.761570,117244.58
2025-07-31 19:33:52.111709,117091.695
2025-07-31 19:44:34.206507,116956.04
2025-07-31 19:52:16.418096,116761.475
2025-07-31 19:59:59.913565,116724.27
2025-07-31 20:29:57.995431,116703.92
2025-07-31 20:47:27.587544,116530.575
2025-07-31 20:57:29.432283,116450.655
2025-07-31 21:18:58.474825,116583.08
2025-07-31 21:37:10.162214,116711.3
2025-07-31 21:50:05.575515,116671.49
2025-07-31 21:57:44.139502,116237.105
2025-07-31 22:20:01.358109,116250.235
2025-07-31 22:41:59.232455,116081.345
2025-07-31 22:53:58.599688,116203.94
2025-07-31 23:11:05.934761,116178.985
2025-07-31 23:31:30.150804,116021.815
2025-07-31 23:45:17.196874,115728.6
2025-07-31 23:53:34.245562,115627.535
2025-08-01 00:59:07.683233,115390.245
2025-08-01 03:15:03.771122,115836.04
2025-08-01 04:32:17.209735,115454.825
2025-08-01 05:07:52.576946,115862.965
2025-08-01 05:45:57.842862,115482.135
2025-08-01 06:00:05.315687,115572.555
2025-08-01 06:41:18.903858,115189.37
2025-08-01 07:02:37.688285,115270.005
2025-08-01 07:34:00.424645,114736.375
2025-08-01 07:49:04.732770,114771.495
2025-08-01 07:57:47.216123,114908.695
2025-08-01 08:28:51.186381,114365.585
2025-08-01 08:53:42.143892,114724.235
2025-08-01 09:16:15.535314,114972.895
2025-08-01 09:43:43.939323,115106.745
2025-08-01 09:56:30.438427,115000.615
2025-08-01 10:19:16.301207,115121.205
2025-08-01 10:45:08.432040,114890.895
2025-08-01 10:58:01.838289,114721.305
2025-08-01 11:18:14.754146,114899.985
2025-08-01 11:33:20.455550,115094.845
2025-08-01 11:45:32.328463,115131.055
2025-08-01 11:53:47.794786,115292.45
2025-08-01 12:20:59.738079,115321.295
2025-08-01 13:08:23.852736,115835.565
2025-08-01 13:48:14.506092,114799.675
2025-08-01 14:01:09.255215,114212.72
2025-08-01 14:30:17.756559,115713.535
2025-08-01 14:49:53.245888,115336.845
2025-08-01 14:58:47.565143,115551.595
2025-08-01 15:25:35.898263,114746.985
2025-08-01 15:43:41.432092,115110.815
2025-08-01 15:55:28.909345,115455.925
2025-08-01 16:19:06.103694,115630.565
2025-08-01 16:48:17.845042,115262.405
2025-08-01 17:02:52.993544,114726.855
2025-08-01 17:31:00.553325,114769.345
2025-08-01 17:49:09.550360,114482.465
2025-08-01 17:58:18.143453,114401.675
2025-08-01 18:31:57.029517,114208.465
2025-08-01 18:56:23.641791,113834.845
2025-08-01 19:15:43.881116,113634.225
2025-08-01 19:29:39.900689,113327.205
2025-08-01 19:41:23.625678,113413.835
2025-08-01 19:49:17.551255,113522.215
2025-08-01 19:57:15.336138,113338.805
2025-08-01 20:20:41.788222,113347.735
2025-08-01 20:41:14.896425,113494.58
2025-08-01 20:54:07.002892,113574.21
2025-08-01 21:10:45.831402,113832.245
2025-08-01 21:31:21.176868,113968.265
2025-08-01 21:44:48.650643,113960.005
2025-08-01 21:53:05.915948,113958.955
2025-08-01 22:08:42.016740,113563.185
2025-08-01 22:34:59.302732,113055.935
2025-08-01 22:50:22.094037,112755.38
2025-08-01 22:57:54.492391,113127.58
2025-08-01 23:20:09.417084,113306.775
2025-08-01 23:37:07.817331,113250.925
2025-08-01 23:48:51.685216,113240.005
2025-08-01 23:56:35.617798,113285.165
2025-08-02 01:21:51.127557,113615.065
2025-08-02 03:04:59.214488,113707.125
2025-08-02 04:01:08.881089,113884.105
2025-08-02 04:40:23.794604,113990.095
2025-08-02 05:01:07.026893,114006.815
2025-08-02 05:31:20.958809,114006.995
2025-08-02 05:50:47.369148,113921.675
2025-08-02 05:59:28.363888,113944.435
2025-08-02 06:33:55.928561,113515.705
2025-08-02 06:54:17.537457,113640.415
2025-08-02 07:11:32.843657,113556.045
2025-08-02 07:30:17.605904,113893.595
2025-08-02 07:42:01.549959,113896.475
2025-08-02 07:50:05.278456,113956.385
2025-08-02 07:57:36.242717,113983.115
2025-08-02 08:24:43.083615,113874.085
2025-08-02 08:45:50.325423,113688.585
2025-08-02 08:59:37.055379,113659.765
2025-08-02 09:27:08.689465,113728.495
2025-08-02 09:43:02.620595,113574.435
2025-08-02 09:52:08.890561,113638.645
2025-08-02 09:59:47.650652,113649.995
2025-08-02 10:25:44.400603,113563.465
2025-08-02 10:44:48.621887,113454.94
2025-08-02 10:55:07.069878,113582.075
2025-08-02 11:11:47.851744,113470.825
2025-08-02 11:28:04.888676,113739.195
2025-08-02 11:39:39.573824,113853.455
2025-08-02 11:47:17.697102,113799.215
2025-08-02 11:54:42.047760,113720.215
2025-08-02 12:23:19.029693,113667.045
2025-08-02 13:04:05.732274,113565.45
2025-08-02 13:37:34.241623,113371.975
2025-08-02 13:50:37.529664,113376.47
2025-08-02 13:58:06.232281,113495.085
2025-08-02 14:18:59.543358,113227.105
2025-08-02 14:39:38.655405,113065.37
2025-08-02 14:50:52.351435,113021.71
2025-08-02 14:58:20.180240,113120.755
2025-08-02 15:20:54.210442,113244.695
2025-08-02 15:38:18.005483,113019.135
2025-08-02 15:49:09.726267,113008.795
2025-08-02 15:57:05.565865,112948.155
2025-08-02 16:21:35.093860,112839.07
2025-08-02 16:45:54.252856,113092.965
2025-08-02 16:58:30.399733,113162.355
2025-08-02 17:18:48.863042,113346.435
2025-08-02 17:39:05.151469,113201.615
2025-08-02 17:49:51.501742,113017.885
2025-08-02 17:57:20.905287,112675.435
2025-08-02 18:26:45.074522,112534.405
2025-08-02 18:50:58.371980,112304.63
2025-08-02 19:00:37.515627,112362.165
2025-08-02 19:20:51.647420,112364.365
2025-08-02 19:31:02.584508,112687.775
2025-08-02 19:42:27.798603,112699.84
2025-08-02 19:50:08.949903,112367.975
2025-08-02 19:57:52.449655,112268.675
2025-08-02 20:21:15.186693,112252.015
2025-08-02 20:39:14.391987,112329.595
2025-08-02 20:51:04.994155,112426.68
2025-08-02 20:58:51.298294,112647.655
2025-08-02 21:20:53.626015,112543.445
2025-08-02 21:35:34.222398,112722.1
2025-08-02 21:46:58.995772,112905.165
2025-08-02 21:54:36.251716,112994.185
2025-08-02 22:11:45.841560,112879.015
2025-08-02 22:35:13.908094,112708.855
2025-08-02 22:49:23.526267,112854.995
2025-08-02 22:57:03.237022,112896.645
2025-08-02 23:19:23.600238,112530.515
2025-08-02 23:38:52.547983,112481.165
2025-08-02 23:52:18.581571,112620.635
2025-08-03 00:00:04.698803,112524.635
2025-08-03 02:28:05.447232,113379.535
2025-08-03 03:59:03.422851,113625.695
2025-08-03 04:51:09.400055,113374.165
2025-08-03 05:17:45.672095,113471.285
2025-08-03 05:45:18.512937,113550.155
2025-08-03 05:57:58.286590,113578.175
2025-08-03 06:29:20.923777,113546.795
2025-08-03 06:52:58.955347,113505.405
2025-08-03 07:09:30.019584,113613.83
2025-08-03 07:30:22.198208,113704.55
2025-08-03 07:42:32.275973,113660.615
2025-08-03 07:50:22.239277,113666.795
2025-08-03 07:58:02.118356,113678.435
2025-08-03 08:26:08.372818,113687.045
2025-08-03 08:46:34.963164,113582.925
2025-08-03 08:58:17.054889,113684.4
2025-08-03 09:21:20.335203,113613.595
2025-08-03 09:39:04.392823,113622.245
2025-08-03 09:49:57.671643,113672.295
2025-08-03 09:57:45.125068,113669.94
2025-08-03 10:20:14.249484,113753.575
2025-08-03 10:42:06.626750,113803.58
2025-08-03 10:53:50.186586,113852.315
2025-08-03 11:08:59.653933,113999.995
2025-08-03 11:28:12.589019,114075.025
2025-08-03 11:41:25.992329,113914.74
2025-08-03 11:49:58.778663,114012.575
2025-08-03 11:57:36.480557,113952.895
2025-08-03 12:40:05.927996,113826.485
2025-08-03 13:20:37.479457,113859.395
2025-08-03 13:46:19.740208,113915.775
2025-08-03 13:57:02.536383,113942.235
2025-08-03 14:15:49.196169,113829.045
2025-08-03 14:36:19.996789,113727.185
2025-08-03 14:48:31.642195,113740.43
2025-08-03 14:56:19.630310,113778.125
2025-08-03 15:16:07.434943,113799.855
2025-08-03 15:36:54.986178,113752.19
2025-08-03 15:50:12.986002,113900.425
2025-08-03 15:58:24.389037,113931.785
2025-08-03 16:26:13.382351,113873.415
2025-08-03 16:48:14.813546,113962.995
2025-08-03 16:59:36.304232,114003.725
2025-08-03 17:22:22.825429,114033.745
2025-08-03 17:41:03.508329,114078.465
2025-08-03 17:52:21.565408,114054.675
2025-08-03 18:00:08.421632,114125.025
2025-08-03 18:36:28.595040,114169.735
2025-08-03 18:55:43.452203,114345.775
2025-08-03 19:12:22.806199,114403.745
2025-08-03 19:28:00.156400,114522.515
2025-08-03 19:38:44.602014,114731.49
2025-08-03 19:46:55.769909,114431.46
2025-08-03 19:54:44.479810,114308.365
2025-08-03 20:13:57.502396,114201.87
2025-08-03 20:35:44.753145,114258.415
2025-08-03 20:50:08.020502,114444.27
2025-08-03 20:57:43.285975,114462.885
2025-08-03 21:18:48.134313,114502.645
2025-08-03 21:35:22.292159,114468.275
2025-08-03 21:46:38.323702,114370.885
2025-08-03 21:54:25.227619,114456.85
2025-08-03 22:11:35.967316,114318.025
2025-08-03 22:35:49.209175,114223.815
2025-08-03 22:51:02.826498,114296.625
2025-08-03 22:58:50.086023,114305.325
2025-08-03 23:22:39.860744,114423.7
2025-08-03 23:38:44.335450,114249.925
2025-08-03 23:50:31.888758,114204.92
2025-08-03 23:58:26.871568,114221.085
2025-08-04 02:03:21.910130,114651.005
2025-08-04 04:00:03.687787,114590.015
2025-08-04 05:00:24.358122,114387.555
2025-08-04 05:40:40.292035,114287.685
2025-08-04 06:02:17.273302,114446.785
2025-08-04 06:51:01.001231,114366.745
2025-08-04 07:18:42.190431,114547.075
2025-08-04 07:44:41.281317,114680.625
2025-08-04 07:56:46.129307,114715.3
2025-08-04 08:26:26.916117,114523.66
2025-08-04 08:53:56.637671,114559.505
2025-08-04 09:21:41.132137,114628.355
2025-08-04 09:50:14.805406,114441.395
2025-08-04 10:01:38.244927,114348.855
2025-08-04 10:34:24.570922,114400.005
2025-08-04 10:54:16.779942,114355.28
2025-08-04 11:12:06.274299,114334.855
2025-08-04 11:31:12.637990,114373.27
2025-08-04 11:44:49.145376,114441.085
2025-08-04 11:53:14.033336,114433.745
2025-08-04 12:18:47.583889,114485.005
2025-08-04 13:10:41.976065,114330.005
2025-08-04 13:52:34.278111,114621.895
2025-08-04 14:13:58.139058,115273.185
2025-08-04 14:45:07.783500,115029.275
2025-08-04 14:58:46.495528,114705.79
2025-08-04 15:26:45.398014,114858.035
2025-08-04 15:46:53.527777,114669.67
2025-08-04 15:59:31.192719,114845.005
2025-08-04 16:34:32.851954,114969.2
2025-08-04 16:58:48.046516,115363.595
2025-08-04 17:25:32.713517,115498.75
2025-08-04 17:47:26.659031,115271.585
2025-08-04 17:57:57.832626,115150.59
2025-08-04 18:32:31.361606,115211.87
2025-08-04 18:58:21.440652,114935.825
2025-08-04 19:20:33.478981,115005.155
2025-08-04 19:36:34.001610,114779.385
2025-08-04 19:47:15.172205,114738.145
2025-08-04 19:55:00.360733,114734.225
2025-08-04 20:15:43.924514,114678.755
2025-08-04 20:41:10.812907,115012.64
2025-08-04 20:53:13.183717,114885.825
2025-08-04 21:09:30.654868,114908.63
2025-08-04 21:32:10.910980,115017.835
2025-08-04 21:46:21.770577,115259.265
2025-08-04 21:54:41.603653,115220.775
2025-08-04 22:13:19.211413,115230.29
2025-08-04 22:39:36.262754,115195.11
2025-08-04 22:53:36.767585,115308.845
2025-08-04 23:10:27.750024,115274.14
2025-08-04 23:32:00.105611,115241.46
2025-08-04 23:46:12.973297,115207.2
2025-08-04 23:54:51.566549,115157.52
2025-08-05 01:07:41.635413,115000.11
2025-08-05 03:16:00.074862,114455.215
2025-08-05 04:17:18.193816,114373.61
2025-08-05 05:00:47.923000,114300.845
2025-08-05 05:36:31.859036,114378.885
2025-08-05 05:56:05.655276,114421.295
2025-08-05 06:26:54.011441,114476.035
2025-08-05 06:57:43.654551,114136.645
2025-08-05 07:25:30.552506,114334.135
2025-08-05 07:46:06.051406,114115.69
2025-08-05 07:55:46.428092,114011.075
2025-08-05 08:22:06.711530,114204.495
2025-08-05 08:49:51.615355,114246.995
2025-08-05 09:14:48.222675,114439.245
2025-08-05 09:43:36.091115,114650.62
2025-08-05 09:57:14.892679,114688.225
2025-08-05 10:21:11.211562,114661.98
2025-08-05 10:46:15.115192,114929.205
2025-08-05 10:59:23.294082,114834.405
2025-08-05 11:22:29.474743,114763.695
2025-08-05 11:37:55.223024,114759.085
2025-08-05 11:48:57.236483,114847.395
2025-08-05 11:56:54.235861,114813.245
2025-08-05 12:40:13.940537,113768.98
2025-08-05 13:28:00.973365,114144.855
2025-08-05 13:58:13.496549,114353.365
2025-08-05 14:25:44.222965,113279.975
2025-08-05 14:50:35.736309,112712.795
2025-08-05 15:02:20.153230,112771.045
2025-08-05 15:34:05.257600,112931.8
2025-08-05 15:48:57.508525,112868.405
2025-08-05 15:56:38.998060,112882.145
2025-08-05 16:19:08.313073,113079.115
2025-08-05 16:41:43.973017,112820.455
2025-08-05 16:55:55.866260,113088.975
2025-08-05 17:15:13.252877,113187.285
2025-08-05 17:39:39.893272,113311.955
2025-08-05 17:53:28.291785,113401.025
2025-08-05 18:15:17.074096,113484.095
2025-08-05 18:51:13.920139,113329.865
2025-08-05 19:11:54.786149,113736.18
2025-08-05 19:31:37.757118,113590.695
2025-08-05 19:45:02.387122,113599.615
2025-08-05 19:53:47.678134,113468.775
2025-08-05 20:12:03.480014,113776.205
2025-08-05 20:34:28.644706,113913.775
2025-08-05 20:49:57.422550,113475.595
2025-08-05 20:58:48.986933,113600.275
2025-08-05 21:22:26.057727,113823.535
2025-08-05 21:39:09.743589,113782.185
2025-08-05 21:50:22.471302,113607.975
2025-08-05 21:58:09.356764,113599.475
2025-08-05 22:21:54.940702,113772.75
2025-08-05 22:43:24.812939,113906.7
2025-08-05 22:55:24.113860,113939.995
2025-08-05 23:14:26.795840,114062.885
2025-08-05 23:34:11.658610,114046.355
2025-08-05 23:48:06.027917,114144.635
2025-08-05 23:56:07.110078,114119.19
2025-08-06 01:21:15.695873,113705.86
2025-08-06 03:15:55.950061,113569.79
2025-08-06 04:14:40.003350,113449.61
2025-08-06 04:57:36.799886,113408.915
2025-08-06 05:29:39.852119,113931.005
2025-08-06 05:55:14.669998,114143.625
2025-08-06 06:23:55.557702,114052.97
2025-08-06 06:55:49.994771,114116.97
2025-08-06 07:21:10.708325,114182.445
2025-08-06 07:43:20.775731,114179.935
2025-08-06 07:54:48.415923,114172.08
2025-08-06 08:18:48.170928,113997.085
2025-08-06 08:48:37.784425,113803.185
2025-08-06 09:14:25.121507,114023.7
2025-08-06 09:43:39.992331,113942.145
2025-08-06 09:57:29.707989,114073.255
2025-08-06 10:22:13.733948,113908.225
2025-08-06 10:46:21.697760,114139.145
2025-08-06 10:59:12.731092,114072.295
2025-08-06 11:21:48.970790,114239.995
2025-08-06 11:38:02.357441,114328.285
2025-08-06 11:49:02.823365,114234.4
2025-08-06 11:56:43.634187,114169.905
2025-08-06 12:38:50.767499,114198.965
2025-08-06 13:27:46.238414,113905.91
2025-08-06 13:58:19.591110,114220.795
2025-08-06 14:25:34.729914,113966.015
2025-08-06 14:49:55.817608,114255.97
2025-08-06 15:01:34.569440,115239.035
2025-08-06 15:33:21.481606,115083.145
2025-08-06 15:50:09.899463,115133.26
2025-08-06 15:59:21.514602,115510.115
2025-08-06 16:32:18.936004,115149.205
2025-08-06 16:56:31.570308,115111.925
2025-08-06 17:19:46.183862,115190.455
2025-08-06 17:43:09.916681,115436.225
2025-08-06 17:55:00.659351,115448.045
2025-08-06 18:20:21.659562,115665.695
2025-08-06 18:50:36.486480,115363.005
2025-08-06 19:09:43.108942,115491.515
2025-08-06 19:29:44.385137,115420.925
2025-08-06 19:42:45.194779,115302.85
2025-08-06 19:50:47.807139,115210.93
2025-08-06 19:58:43.795427,115222.885
2025-08-06 20:25:58.422219,115242.635
2025-08-06 20:44:13.651075,115082.035
2025-08-06 20:56:33.533235,115111.585
2025-08-06 21:15:04.612607,115181.705
2025-08-06 21:32:32.206784,115069.875
2025-08-06 21:46:09.758116,114945.745
2025-08-06 21:54:11.882699,115061.835
2025-08-06 22:12:12.444026,115196.735
2025-08-06 22:37:51.904430,115130.845
2025-08-06 22:52:20.322280,115173.955
2025-08-06 23:00:09.995410,115128.345
2025-08-06 23:26:41.231331,115029.3
2025-08-06 23:42:03.198104,115007.065
2025-08-06 23:52:24.415029,115045.57
2025-08-06 23:59:56.664162,115028.835
2025-08-07 02:18:49.938854,114870.74
2025-08-07 03:51:35.766260,114604.31
2025-08-07 04:34:28.769930,114504.635
2025-08-07 05:04:57.482064,114313.015
2025-08-07 05:39:44.670254,114521.695
2025-08-07 05:56:36.246957,114542.945
2025-08-07 06:27:50.669931,114621.135
2025-08-07 06:57:42.921189,114676.805
2025-08-07 07:24:51.516542,114893.525
2025-08-07 07:44:26.616586,114757.565
2025-08-07 07:54:24.892980,114793.645
2025-08-07 08:17:45.442245,114990.085
2025-08-07 08:48:06.854191,115057.095
2025-08-07 09:13:29.101020,114914.115
2025-08-07 09:41:56.265918,114920.095
2025-08-07 09:56:15.088446,115021.675
2025-08-07 10:18:20.701565,115672.23
2025-08-07 10:44:46.441801,116384.18
2025-08-07 10:57:35.370078,116435.305
2025-08-07 11:18:49.011993,116527.135
2025-08-07 11:34:51.630146,116573.69
2025-08-07 11:47:20.160800,116705.695
2025-08-07 11:55:06.682948,116682.415
2025-08-07 12:29:18.621731,116430.805
2025-08-07 13:23:08.744327,116290.27
2025-08-07 13:54:45.751651,116637.095
2025-08-07 14:17:36.980170,116404.715
2025-08-07 14:45:22.764168,116487.465
2025-08-07 14:58:52.349123,116338.745
2025-08-07 15:26:53.933324,116572.955
2025-08-07 15:45:21.597745,116809.995
2025-08-07 15:55:56.751727,116797.315
2025-08-07 16:21:02.324097,116648.3
2025-08-07 16:47:38.485041,115757.94
2025-08-07 17:02:39.258293,116252.105
2025-08-07 17:31:16.561495,116456.685
2025-08-07 17:49:41.989964,116477.32
2025-08-07 17:57:37.693402,116475.85
2025-08-07 18:31:46.427180,116349.655
2025-08-07 18:58:44.145065,116570.595
2025-08-07 19:21:09.976464,116634.655
2025-08-07 19:33:34.140235,116755.795
2025-08-07 19:44:17.922075,117082.22
2025-08-07 19:51:57.634781,117574.235
2025-08-07 19:59:33.473002,117563.575
2025-08-07 20:28:30.744942,117437.085
2025-08-07 20:46:58.314366,117284.425
2025-08-07 20:57:42.465531,117246.055
2025-08-07 21:17:56.189641,117373.815
2025-08-07 21:35:20.835192,117277.635
2025-08-07 21:47:36.168557,117197.555
2025-08-07 21:55:30.094405,117212.555
2025-08-07 22:15:05.667587,117513.635
2025-08-07 22:40:52.810135,117424.495
2025-08-07 22:54:37.881661,117667.87
2025-08-07 23:12:50.604587,117488.805
2025-08-07 23:32:55.000247,117351.71
2025-08-07 23:47:19.480571,117469.88
2025-08-07 23:55:27.509892,117499.705
2025-08-08 01:14:21.412179,117191.455
2025-08-08 03:14:25.142539,116802.945
2025-08-08 04:13:34.589536,116855.04
2025-08-08 04:57:00.510052,116791.11
2025-08-08 05:26:36.331088,116668.085
2025-08-08 05:51:17.429618,116593.655
2025-08-08 06:00:54.082004,116503.915
2025-08-08 06:46:01.882012,116715.675
2025-08-08 07:04:41.597388,116693.635
2025-08-08 07:34:03.355401,116984.98
2025-08-08 07:48:25.001615,116918.345
2025-08-08 07:56:33.389715,116860.915
2025-08-08 08:24:26.849112,116832.495
2025-08-08 08:50:11.104418,116596.705
2025-08-08 09:14:19.672444,116664.975
2025-08-08 09:42:39.995660,116623.125
2025-08-08 09:55:44.629897,116759.995
2025-08-08 10:16:57.356885,116631.18
2025-08-08 10:44:00.689770,116506.785
2025-08-08 10:56:34.794501,116578.88
2025-08-08 11:15:51.932811,116790.005
2025-08-08 11:32:58.956221,116803.755
2025-08-08 11:46:01.371822,116800.835
2025-08-08 11:54:16.442509,116883.425
2025-08-08 12:23:32.265281,116638.985
2025-08-08 13:10:12.826080,116544.615
2025-08-08 13:49:56.562442,116889.605
2025-08-08 14:01:38.387769,116978.645
2025-08-08 14:30:53.268731,116732.78
2025-08-08 14:50:41.662321,116688.69
2025-08-08 14:59:20.730046,116502.635
2025-08-08 15:26:56.263752,116558.725
2025-08-08 15:45:32.851116,115921.075
2025-08-08 15:57:15.674963,116228.715
2025-08-08 16:22:08.118707,116269.995
2025-08-08 16:43:55.834262,116149.135
2025-08-08 16:55:57.872120,116213.49
2025-08-08 17:12:49.592736,116446.265
2025-08-08 17:31:56.449180,116413.385
2025-08-08 17:45:37.268281,116609.665
2025-08-08 17:53:02.592883,116602.505
2025-08-08 18:11:15.119015,116904.695
2025-08-08 18:44:42.674326,116414.075
2025-08-08 18:59:04.516155,116499.885
2025-08-08 19:17:52.139248,116719.465
2025-08-08 19:29:18.653424,116524.565
2025-08-08 19:39:28.643933,116371.085
2025-08-08 19:47:23.950847,116506.255
2025-08-08 19:54:50.717331,116500.915
2025-08-08 20:14:41.242976,116501.775
2025-08-08 20:36:01.121054,116608.745
2025-08-08 20:49:44.073322,116857.265
2025-08-08 20:57:28.850207,116873.055
2025-08-08 21:17:42.864166,116794.295
2025-08-08 21:33:29.774637,116836.475
2025-08-08 21:45:36.267735,116975.505
2025-08-08 21:53:23.131703,116982.72
2025-08-08 22:09:06.777181,116862.965
2025-08-08 22:33:52.329648,116906.025
2025-08-08 22:48:20.794497,116924.295
2025-08-08 22:56:09.802551,116897.195
2025-08-08 23:15:09.741762,116885.78
2025-08-08 23:32:07.273043,116759.885
2025-08-08 23:45:04.662788,116725.255
2025-08-08 23:52:58.398627,116706.74
2025-08-09 00:40:55.161854,116649.19
2025-08-09 02:28:55.185776,116440.57
2025-08-09 03:37:58.945797,116422.855
2025-08-09 04:05:01.135496,116383.645
2025-08-09 04:38:07.924581,116664.6
2025-08-09 04:54:52.188267,116417.395
2025-08-09 05:13:15.494749,116520.93
2025-08-09 05:35:04.584628,116959.9
2025-08-09 05:48:15.507665,116941.655
2025-08-09 05:56:01.127486,116733.765
2025-08-09 06:22:03.542310,116742.505
2025-08-09 06:47:52.435172,116596.265
2025-08-09 06:59:21.339529,116694.935
2025-08-09 07:21:08.953097,116866.83
2025-08-09 07:34:09.951407,116874.615
2025-08-09 07:44:02.820256,116804.705
2025-08-09 07:52:05.736921,116765.985
2025-08-09 07:59:37.070737,116773.455
2025-08-09 08:30:10.825490,116882.535
2025-08-09 08:48:55.672083,117103.285
2025-08-09 08:58:10.015217,117081.515
2025-08-09 09:20:25.571985,117327.155
2025-08-09 09:36:26.701045,117337.035
2025-08-09 09:46:33.423551,117255.32
2025-08-09 09:54:24.610325,117346.245
2025-08-09 10:11:22.804897,117659.98
2025-08-09 10:35:37.643414,117738.335
2025-08-09 10:48:44.459200,117610.16
2025-08-09 10:56:30.100186,117445.48
2025-08-09 11:13:33.617535,117290.865
2025-08-09 11:27:56.797654,117265.865
2025-08-09 11:38:43.001312,117196.93
2025-08-09 11:46:19.722823,117199.01
2025-08-09 11:54:15.009986,117172.08
2025-08-09 12:20:26.830276,117197.225
2025-08-09 13:01:51.235830,117100.73
2025-08-09 13:34:57.199128,116905.575
2025-08-09 13:48:00.706314,116970.19
2025-08-09 13:55:51.828166,117013.555
2025-08-09 14:13:33.268057,116955.27
2025-08-09 14:33:55.736427,116877.055
2025-08-09 14:46:33.519116,116841.945
2025-08-09 14:54:21.497598,116941.815
2025-08-09 15:10:43.402973,116954.925
2025-08-09 15:31:08.773353,116859.395
2025-08-09 15:44:07.344603,116881.165
2025-08-09 15:52:13.231382,116860.135
2025-08-09 15:59:56.205432,116879.995
2025-08-09 16:29:49.692544,116749.035
2025-08-09 16:48:57.193048,116719.695
2025-08-09 16:57:51.289342,116689.155
2025-08-09 17:16:35.737004,116777.555
2025-08-09 17:33:36.226647,116698.62
2025-08-09 17:45:12.849724,116711.27
2025-08-09 17:52:43.998054,116663.915
2025-08-09 18:00:30.349028,116693.605
2025-08-09 18:36:09.223660,116677.415
2025-08-09 18:53:46.764634,116640.245
2025-08-09 19:07:27.282418,116699.36
2025-08-09 19:23:34.527303,116610.995
2025-08-09 19:31:58.037380,116623.745
2025-08-09 19:41:17.267691,116577.795
2025-08-09 19:49:17.496651,116572.475
2025-08-09 19:56:46.779560,116543.545
2025-08-09 20:18:06.657895,116543.795
2025-08-09 20:36:28.506981,116765.725
2025-08-09 20:48:07.274964,116852.675
2025-08-09 20:55:55.734089,116771.805
2025-08-09 21:13:32.333713,116770.545
2025-08-09 21:30:28.799694,116438.3
2025-08-09 21:42:39.369467,116475.005
2025-08-09 21:50:29.715364,116547.935
2025-08-09 21:58:23.600433,116583.255
2025-08-09 22:20:06.170530,116678.275
2025-08-09 22:39:26.026052,116651.735
2025-08-09 22:50:36.658493,116607.92
2025-08-09 22:58:12.094522,116574.715
2025-08-09 23:19:25.412537,116548.46
2025-08-09 23:34:29.226186,116536.185
2025-08-09 23:45:29.411509,116491.275
2025-08-09 23:53:15.093917,116516.47
2025-08-10 00:53:00.626174,116723.905
2025-08-10 02:57:34.619498,117310.845
2025-08-10 04:02:58.096958,118659.905
2025-08-10 04:48:01.021695,118466.255
2025-08-10 05:11:51.389191,118317.86
2025-08-10 05:37:33.443415,118238.075
2025-08-10 05:51:28.751803,118050.545
2025-08-10 05:59:08.753748,118062.525
2025-08-10 06:33:32.798225,117809.995
2025-08-10 06:53:36.237028,118095.355
2025-08-10 07:09:19.727525,118163.145
2025-08-10 07:28:16.414981,118133.745
2025-08-10 07:39:39.426998,117814.235
2025-08-10 07:47:39.854211,117651.295
2025-08-10 07:55:32.235533,117710.47
2025-08-10 08:18:06.103739,118069.465
2025-08-10 08:41:36.467452,118112.105
2025-08-10 08:54:31.543527,118349.605
2025-08-10 09:12:22.362452,118331.845
2025-08-10 09:32:07.071394,118203.455
2025-08-10 09:44:32.979513,118162.95
2025-08-10 09:52:20.666468,118396.255
2025-08-10 10:00:03.666043,118294.665
2025-08-10 10:26:09.612724,118177.495
2025-08-10 10:43:38.385177,118186.245
2025-08-10 10:52:59.085030,118157.525
2025-08-10 11:00:57.736174,118038.865
2025-08-10 11:22:16.712078,118089.365
2025-08-10 11:32:18.315988,118282.285
2025-08-10 11:42:36.422519,118411.815
2025-08-10 11:50:24.752497,118466.165
2025-08-10 11:58:03.599264,118370.295
2025-08-10 12:39:44.166761,118671.905
2025-08-10 13:17:03.716422,118487.675
2025-08-10 13:42:25.036357,118562.495
2025-08-10 13:52:29.354432,118612.465
2025-08-10 14:00:03.097708,118464.805
2025-08-10 14:22:45.348736,118755.965
2025-08-10 14:39:21.424165,118741.805
2025-08-10 14:49:22.275104,118720.11
2025-08-10 14:57:12.084571,118729.265
2025-08-10 15:17:59.193030,118743.215
2025-08-10 15:34:54.693662,118623.185
2025-08-10 15:46:20.311465,118789.695
2025-08-10 15:54:00.353701,118783.58
2025-08-10 16:12:27.028051,118856.155
2025-08-10 16:39:00.910867,118715.25
2025-08-10 16:53:33.292953,118710.005
2025-08-10 17:07:57.893383,118600.015
2025-08-10 17:28:40.130442,118500.025
2025-08-10 17:41:42.376454,118536.615
2025-08-10 17:49:42.104023,118553.715
2025-08-10 17:57:13.234544,118547.255
2025-08-10 18:24:35.627602,118440.255
2025-08-10 18:46:35.061930,118526.305
2025-08-10 18:57:22.748837,118565.835
2025-08-10 19:14:04.571336,118618.205
2025-08-10 19:26:54.854002,118600.8
2025-08-10 19:36:26.076271,118595.125
2025-08-10 19:44:13.174289,118704.345
2025-08-10 19:52:07.478684,118694.56
2025-08-10 19:59:44.145848,118667.825
2025-08-10 20:26:20.000709,118199.995
2025-08-10 20:41:10.863835,118512.855
2025-08-10 20:50:56.232817,118677.225
2025-08-10 20:58:29.286208,118494.655
2025-08-10 21:19:15.641476,118302.22
2025-08-10 21:32:51.682721,118236.995
2025-08-10 21:43:40.752153,118276.865
2025-08-10 21:51:22.185453,118510.85
2025-08-10 21:59:11.305282,118693.745
2025-08-10 22:21:33.561145,118957.925
2025-08-10 22:39:53.991086,118933.43
2025-08-10 22:50:51.581555,118934.155
2025-08-10 22:58:30.721530,119013.845
2025-08-10 23:20:08.559234,118901.725
2025-08-10 23:35:08.648298,119324.075
2025-08-10 23:46:11.857626,119285.785
2025-08-10 23:54:04.315205,119223.61
2025-08-11 00:59:42.815482,119238.955
2025-08-11 03:04:08.367560,121877.145
2025-08-11 04:09:54.870283,121682.775
2025-08-11 04:54:02.392297,121980.715
2025-08-11 05:20:42.992592,122056.135
2025-08-11 05:47:21.274863,121846.12
2025-08-11 05:58:34.800061,121999.795
2025-08-11 06:36:08.236312,122193.745
2025-08-11 06:59:44.698508,122275.485
2025-08-11 07:29:08.513922,121880.69
2025-08-11 07:46:05.743050,121759.645
2025-08-11 07:55:25.873654,121597.765
2025-08-11 08:21:38.310815,121611.26
2025-08-11 08:48:14.512018,121630.405
2025-08-11 09:02:18.274815,121675.235
2025-08-11 09:35:04.425268,121257.505
2025-08-11 09:51:50.929690,121327.27
2025-08-11 09:59:45.223685,121357.665
2025-08-11 10:28:42.233970,121324.705
2025-08-11 10:49:10.966748,121036.685
2025-08-11 10:58:04.321868,121064.285
2025-08-11 11:18:52.182764,120714.465
2025-08-11 11:33:07.277356,120538.355
2025-08-11 11:44:58.501126,120648.715
2025-08-11 11:52:44.894246,120387.305
2025-08-11 12:00:36.963599,120521.365
2025-08-11 12:58:35.552418,119516.52
2025-08-11 13:38:50.524440,119853.665
2025-08-11 13:58:56.790978,119982.3
2025-08-11 14:24:45.317573,119883.745
2025-08-11 14:46:01.155079,120065.59
2025-08-11 14:57:40.299644,120223.525
2025-08-11 15:41:22.824740,120322.9
2025-08-11 15:53:33.146993,120192.145
2025-08-11 16:12:33.047427,120682.045
2025-08-11 16:44:11.793170,120120.015
2025-08-11 16:59:39.667221,119990.46
2025-08-11 17:23:54.191816,119783.96
2025-08-11 17:42:21.715266,119705.925
2025-08-11 17:53:06.460295,119554.445
2025-08-11 18:13:09.756654,119561.345
2025-08-11 18:47:24.780100,119576.685
2025-08-11 19:01:15.862448,119782.605
2025-08-11 19:23:53.694990,119619.405
2025-08-11 19:36:03.798356,119302.685
2025-08-11 19:45:36.184389,119162.345
2025-08-11 19:53:19.768347,118697.59
2025-08-11 20:10:39.966835,118863.425
2025-08-11 20:31:51.371683,118924.365
2025-08-11 20:45:08.717480,119002.955
2025-08-11 20:53:37.627544,119013.735
2025-08-11 21:09:39.714234,118809.185
2025-08-11 21:27:51.674474,119044.51
2025-08-11 21:39:28.231282,118690.895
2025-08-11 21:47:36.142371,118589.975
2025-08-11 21:55:23.494807,118459.375
2025-08-11 22:13:30.499109,118500.015
2025-08-11 22:34:57.069937,118701.6
2025-08-11 22:47:28.715560,118746.295
2025-08-11 22:55:11.376893,118921.075
2025-08-11 23:12:48.857883,118894.565
2025-08-11 23:30:18.853660,118689.545
2025-08-11 23:42:11.336142,118664.305
2025-08-11 23:50:02.220704,118816.145
2025-08-11 23:57:44.836701,118733.86
2025-08-12 01:37:50.792663,118998.675
2025-08-12 03:08:33.493259,118918.285
2025-08-12 03:55:04.561034,118872.425
2025-08-12 04:21:51.318089,118933.71
2025-08-12 04:45:49.642375,119076.435
2025-08-12 04:58:13.033582,119115.235
2025-08-12 05:20:04.373403,118700.005
2025-08-12 05:39:38.913105,118540.075
2025-08-12 05:50:40.142443,118694.255
2025-08-12 05:58:10.647278,118755.655
2025-08-12 06:32:05.476220,118949.575
2025-08-12 06:54:50.534214,118922.145
2025-08-12 07:14:17.587984,119086.065
2025-08-12 07:32:53.791546,119097.835
2025-08-12 07:44:22.754512,119014.355
2025-08-12 07:52:12.612348,119074.9
2025-08-12 07:59:58.282146,118993.975
2025-08-12 08:33:35.434278,118761.495
2025-08-12 08:54:04.307981,118928.225
2025-08-12 09:13:29.177076,118572.92
2025-08-12 09:35:33.272880,118594.215
2025-08-12 09:48:16.229526,118589.215
2025-08-12 09:56:06.483699,118450.365
2025-08-12 10:17:14.669646,118272.565
2025-08-12 10:42:00.018603,118375.335
2025-08-12 10:53:41.969219,118538.535
2025-08-12 11:09:09.738608,118502.485
2025-08-12 11:27:25.107293,118408.445
2025-08-12 11:39:18.484077,118561.975
2025-08-12 11:47:29.929729,118485.855
2025-08-12 11:55:02.707447,118486.315
2025-08-12 12:26:38.920385,118441.465
2025-08-12 13:08:21.096081,118947.535
2025-08-12 13:44:29.616295,118989.405
2025-08-12 13:56:43.515010,118950.015
2025-08-12 14:17:08.524593,119174.005
2025-08-12 14:40:47.400626,119172.505
2025-08-12 14:53:33.607496,119380.775
2025-08-12 15:10:42.308204,119421.765
2025-08-12 15:34:09.849399,119859.675
2025-08-12 15:48:13.803480,119639.415
2025-08-12 15:57:51.196550,119926.835
2025-08-12 16:26:09.003012,119891.84
2025-08-12 16:49:05.559549,119664.295
2025-08-12 17:00:52.943416,119623.89
2025-08-12 17:26:10.249215,119872.105
2025-08-12 17:42:34.787393,119552.61
2025-08-12 17:52:09.000267,119371.27
2025-08-12 17:59:43.752188,119269.655
2025-08-12 18:36:25.508625,119572.775
2025-08-12 18:56:12.631281,119292.795
2025-08-12 19:13:18.422934,119502.155
2025-08-12 19:27:47.141449,119842.415
2025-08-12 19:38:00.140359,119971.27
2025-08-12 19:45:53.597887,119700.635
2025-08-12 19:53:29.910383,119687.125
2025-08-12 20:10:54.374959,119719.045
2025-08-12 20:34:17.964210,119971.445
2025-08-12 20:47:45.631153,120138.485
2025-08-12 20:56:09.711950,120233.075
2025-08-12 21:14:52.940985,120015.005
2025-08-12 21:32:18.392676,119997.135
2025-08-12 21:44:07.100897,120079.115
2025-08-12 21:52:01.528822,119945.445
2025-08-12 21:59:46.313437,119838.895
2025-08-12 22:23:01.059672,119701.29
2025-08-12 22:39:54.837702,119875.6
2025-08-12 22:49:59.702438,119861.015
2025-08-12 22:57:39.715015,120021.435
2025-08-12 23:18:23.740188,120151.925
2025-08-12 23:32:56.125170,120075.285
2025-08-12 23:44:18.747973,120213.465
2025-08-12 23:52:07.322857,120246.165
2025-08-12 23:59:40.078440,120140.715
2025-08-13 01:59:37.392160,119455.305
2025-08-13 03:22:23.572993,119312.945
2025-08-13 04:00:55.389113,119469.695
2025-08-13 04:36:53.159063,119617.145
2025-08-13 04:55:16.266629,119403.895
2025-08-13 05:15:46.207140,119389.145
2025-08-13 05:39:03.370238,119346.695
2025-08-13 05:51:06.558216,119117.645
2025-08-13 05:59:01.207422,119037.505
2025-08-13 06:35:06.506159,119331.015
2025-08-13 06:56:06.395623,119350.325
2025-08-13 07:17:13.037017,119341.845
2025-08-13 07:35:15.114165,119366.535
2025-08-13 07:46:32.555043,119322.675
2025-08-13 07:54:28.197825,119404.535
2025-08-13 08:16:41.928499,119705.005
2025-08-13 08:45:01.412774,119953.515
2025-08-13 08:59:58.701338,120039.96
2025-08-13 09:28:33.234456,119781.385
2025-08-13 09:45:45.450162,120021.885
2025-08-13 09:54:31.980488,120097.835
2025-08-13 10:13:26.609876,120374.405
2025-08-13 10:39:20.383556,120412.825
2025-08-13 10:52:26.208758,120465.955
2025-08-13 11:00:11.294386,120487.185
2025-08-13 11:22:38.727841,120565.635
2025-08-13 11:35:18.467934,120699.995
2025-08-13 11:45:51.364999,120703.68
2025-08-13 11:53:53.964913,120694.335
2025-08-13 12:20:27.207622,120546.125
2025-08-13 13:06:05.253062,120319.995
2025-08-13 13:45:16.898170,120332.2
2025-08-13 13:58:12.387871,121954.025
2025-08-13 14:20:55.274991,122040.445
2025-08-13 14:42:17.616254,121540.485
2025-08-13 14:54:58.909431,120971.475
2025-08-13 15:11:14.633743,121069.485
2025-08-13 15:30:46.970750,120656.465
2025-08-13 15:41:33.462479,121100.895
2025-08-13 15:49:21.812835,121286.535
2025-08-13 15:56:52.156766,121137.015
2025-08-13 16:18:38.559335,121654.185
2025-08-13 16:40:45.240665,121516.725
2025-08-13 16:52:57.636493,121462.525
2025-08-13 17:00:55.372556,121516.185
2025-08-13 17:22:05.458970,121749.985
2025-08-13 17:34:58.169602,121813.365
2025-08-13 17:43:25.622635,121569.5
2025-08-13 17:51:28.356403,121580.88
2025-08-13 17:59:17.078965,121871.825
2025-08-13 18:33:31.617426,121865.025
2025-08-13 18:53:38.994975,121568.7
2025-08-13 19:08:14.069626,121931.935
2025-08-13 19:25:15.097783,122541.925
2025-08-13 19:36:14.759325,122446.185
2025-08-13 19:44:20.332638,122472.77
2025-08-13 19:52:32.718489,122673.92
2025-08-13 20:00:01.366133,122825.265
2025-08-13 20:27:58.324510,122658.135
2025-08-13 20:42:36.441781,122829.71
2025-08-13 20:51:59.259469,122996.865
2025-08-13 20:59:36.127353,122979.265
2025-08-13 21:22:33.593774,122866.29
2025-08-13 21:35:50.453149,122840.005
2025-08-13 21:45:29.863077,122641.115
2025-08-13 21:53:10.155153,122359.105
2025-08-13 22:09:26.210877,123007.905
2025-08-13 22:31:31.917695,122993.385
2025-08-13 22:44:43.797641,123513.495
2025-08-13 22:52:19.124299,123459.155
2025-08-13 22:59:50.564858,123020.835
2025-08-13 23:23:43.060098,123370.9
2025-08-13 23:37:10.141725,123631.575
2025-08-13 23:46:40.878181,123524.155
2025-08-13 23:54:08.915712,123452.455
2025-08-14 00:56:03.632243,123846.445
2025-08-14 02:47:30.921104,123680.555
2025-08-14 03:43:39.933746,123503.315
2025-08-14 04:16:55.546129,123309.16
2025-08-14 04:45:59.422826,123245.945
2025-08-14 04:59:17.417551,123128.135
2025-08-14 05:24:03.079447,122950.48
2025-08-14 05:41:56.192733,122693.195
2025-08-14 05:51:45.229039,122297.905
2025-08-14 05:59:47.945021,122195.065
2025-08-14 06:37:20.539715,121792.66
2025-08-14 06:57:33.342566,121863.855
2025-08-14 07:19:44.163297,121775.665
2025-08-14 07:36:29.319665,121783.845
2025-08-14 07:46:44.981219,121900.005
2025-08-14 07:54:30.781202,121775.135
2025-08-14 08:17:12.674916,121914.225
2025-08-14 08:45:26.926735,121740.465
2025-08-14 09:00:18.181832,121680.885
2025-08-14 09:29:50.603679,121898.34
2025-08-14 09:46:32.847445,121648.75
2025-08-14 09:55:10.263664,121717.685
2025-08-14 10:15:29.951355,121557.59
2025-08-14 10:42:08.090869,121407.895
2025-08-14 10:54:17.216387,121034.965
2025-08-14 11:10:44.485511,120899.835
2025-08-14 11:28:34.921608,120939.835
2025-08-14 11:40:51.623821,120849.305
2025-08-14 11:48:47.452519,120884.305
2025-08-14 11:56:46.902163,120945.705
2025-08-14 12:36:47.056547,118905.14
2025-08-14 13:21:40.278728,118762.205
2025-08-14 13:49:53.745263,118537.565
2025-08-14 13:59:31.524739,118517.745
2025-08-14 14:23:53.637385,118459.74
2025-08-14 14:43:03.936312,119235.555
2025-08-14 14:54:31.769329,119041.95
2025-08-14 15:12:58.806805,118654.095
2025-08-14 15:34:51.138726,118231.465
2025-08-14 15:49:08.509626,118071.4
2025-08-14 15:57:56.501561,118315.805
2025-08-14 16:26:52.707053,117694.215
2025-08-14 16:48:32.988642,117690.815
2025-08-14 16:59:18.686728,117926.32
2025-08-14 17:20:49.199092,117657.765
2025-08-14 17:39:07.067717,117994.895
2025-08-14 17:49:06.203654,117690.175
2025-08-14 17:56:54.393591,117816.695
2025-08-14 18:25:52.518550,117649.895
2025-08-14 18:51:30.884284,118207.92
2025-08-14 19:03:50.125552,118136.755
2025-08-14 19:23:05.849076,118336.635
2025-08-14 19:30:51.067944,118315.805
2025-08-14 19:39:51.915123,118295.935
2025-08-14 19:47:53.099695,118366.775
2025-08-14 19:55:39.559440,118225.575
2025-08-14 20:16:44.777897,117915.475
2025-08-14 20:36:49.036194,118089.4
2025-08-14 20:49:25.527340,117921.905
2025-08-14 20:57:18.019789,118001.11
2025-08-14 21:17:06.668414,118198.365
2025-08-14 21:32:59.421114,117670.265
2025-08-14 21:44:33.742565,117507.105
2025-08-14 21:52:26.974603,117797.925
2025-08-14 21:59:59.891286,117974.375
2025-08-14 22:23:53.379904,118285.955
2025-08-14 22:40:30.600327,118242.025
2025-08-14 22:50:46.321031,118370.255
2025-08-14 22:58:40.569504,118374.465
2025-08-14 23:20:16.844654,118600.005
2025-08-14 23:34:02.879071,118585.775
2025-08-14 23:44:43.914586,118522.365
2025-08-14 23:52:42.658713,118520.425
2025-08-15 00:00:05.580237,118394.375
2025-08-15 02:05:11.501226,118806.855
2025-08-15 03:34:09.657974,119114.995
2025-08-15 04:05:53.379302,119064.125
2025-08-15 04:39:25.527915,119303.755
2025-08-15 04:55:44.812874,118967.865
2025-08-15 05:16:10.837648,118868.655
2025-08-15 05:38:56.215499,118906.385
2025-08-15 05:50:20.714136,118822.145
2025-08-15 05:57:52.013558,119007.985
2025-08-15 06:30:31.069702,119212.905
2025-08-15 06:54:46.299473,119232.825
2025-08-15 07:13:33.983724,119031.015
2025-08-15 07:31:07.845768,119015.325
2025-08-15 07:42:37.932319,118916.485
2025-08-15 07:50:07.158274,118883.915
2025-08-15 07:57:53.433899,119026.935
2025-08-15 08:26:58.795308,119120.38
2025-08-15 08:48:03.018882,119101.72
2025-08-15 08:58:55.851200,119000.425
2025-08-15 09:24:18.833610,118886.785
2025-08-15 09:39:40.520221,118855.015
2025-08-15 09:49:22.482062,118802.05
2025-08-15 09:56:58.117715,118688.035
2025-08-15 10:18:46.996425,119042.17
2025-08-15 10:41:15.123570,119083.905
2025-08-15 10:52:25.876020,118980.735
2025-08-15 11:00:05.985171,118969.495
2025-08-15 11:20:52.110681,119140.075
2025-08-15 11:31:52.903077,119112.585
2025-08-15 11:42:39.082642,119150.005
2025-08-15 11:50:26.706799,119150.855
2025-08-15 11:58:16.619553,119108.355
2025-08-15 12:41:04.788070,118806.555
2025-08-15 13:18:53.672197,118537.915
2025-08-15 13:43:48.003618,118098.395
2025-08-15 13:53:36.471453,117961.875
2025-08-15 14:10:06.143441,118158.435
2025-08-15 14:33:32.279556,117885.985
2025-08-15 14:47:58.914300,117463.575
2025-08-15 14:56:02.210110,117387.71
2025-08-15 15:15:30.634699,117417.31
2025-08-15 15:34:39.937202,117399.995
2025-08-15 15:46:34.868109,116974.08
2025-08-15 15:54:45.104007,117411.695
2025-08-15 16:15:16.570273,117103.255
2025-08-15 16:42:26.542216,117316.415
2025-08-15 16:55:45.354423,117364.31
2025-08-15 17:12:55.620678,117234.595
2025-08-15 17:32:22.767819,117635.935
2025-08-15 17:45:07.039517,117791.415
2025-08-15 17:52:46.945926,117624.155
2025-08-15 18:00:28.146068,117666.27
2025-08-15 18:37:40.780543,117368.195
2025-08-15 18:55:24.763832,117402.305
2025-08-15 19:10:51.892068,117284.375
2025-08-15 19:25:49.292754,117211.445
2025-08-15 19:36:02.305653,117228.67
2025-08-15 19:43:48.713183,117056.045
2025-08-15 19:51:13.402623,116956.475
2025-08-15 19:58:40.969144,117004.95
2025-08-15 20:23:48.039493,117140.125
2025-08-15 20:39:39.106196,117298.865
2025-08-15 20:50:28.789964,117317.875
2025-08-15 20:58:23.004552,117381.845
2025-08-15 21:17:24.991566,117112.265
2025-08-15 21:31:03.305774,117308.525
2025-08-15 21:41:50.549406,117283.965
2025-08-15 21:49:36.570597,117323.645
2025-08-15 21:57:28.604456,117388.185
2025-08-15 22:17:51.724438,117429.925
2025-08-15 22:38:27.753611,117572.895
2025-08-15 22:49:22.365214,117585.335
2025-08-15 22:57:12.420771,117822.235
2025-08-15 23:17:06.900764,117339.695
2025-08-15 23:32:36.877613,117180.445
2025-08-15 23:44:26.525534,117251.21
2025-08-15 23:51:38.567783,117306.665
2025-08-15 23:59:08.869007,117413.305
2025-08-16 01:49:42.477649,117959.055
2025-08-16 03:06:58.691742,117691.215
2025-08-16 03:51:23.068196,117598.415
2025-08-16 04:13:18.650256,117530.495
2025-08-16 04:40:25.162030,117825.625
2025-08-16 04:52:37.974206,117949.885
2025-08-16 05:00:11.874731,117918.635
2025-08-16 05:24:39.308735,117704.555
2025-08-16 05:40:19.923669,117670.58
2025-08-16 05:49:03.477535,117651.37
2025-08-16 05:56:59.038029,117651.845
2025-08-16 06:24:05.691266,117570.745
2025-08-16 06:46:56.089382,117503.875
2025-08-16 06:57:30.544399,117528.185
2025-08-16 07:16:47.302744,117562.135
2025-08-16 07:30:34.324735,117618.595
2025-08-16 07:41:09.099907,117750.105
2025-08-16 07:49:06.428674,117763.395
2025-08-16 07:56:59.126540,117741.075
2025-08-16 08:21:08.396894,117638.875
2025-08-16 08:41:59.167773,117732.895
2025-08-16 08:54:08.695065,117685.795
2025-08-16 09:11:17.742862,117788.535
2025-08-16 09:30:11.175347,117736.855
2025-08-16 09:41:49.142280,117738.145
2025-08-16 09:49:26.656119,117657.445
2025-08-16 09:57:07.085034,117590.835
2025-08-16 10:16:30.581922,117396.675
2025-08-16 10:36:46.082598,117469.495
2025-08-16 10:46:53.971944,117433.915
2025-08-16 10:54:56.278611,117464.085
2025-08-16 11:09:49.965704,117538.705
2025-08-16 11:24:36.221017,117600.695
2025-08-16 11:34:02.634138,117529.715
2025-08-16 11:42:05.979919,117532.005
2025-08-16 11:49:35.177150,117555.005
2025-08-16 11:57:18.372614,117476.205
2025-08-16 12:34:59.275752,117754.525
2025-08-16 13:06:53.210904,117789.795
2025-08-16 13:34:17.524850,117832.755
2025-08-16 13:45:21.248189,117745.145
2025-08-16 13:53:15.942969,117831.995
2025-08-16 14:07:25.856380,117663.685
2025-08-16 14:28:49.374927,117782.245
2025-08-16 14:41:19.278989,117775.315
2025-08-16 14:49:11.039930,117846.475
2025-08-16 14:56:46.386958,117858.755
2025-08-16 15:15:32.721140,117829.925
2025-08-16 15:31:32.836981,117834.315
2025-08-16 15:43:17.111396,117725.715
2025-08-16 15:51:03.179888,117787.355
2025-08-16 15:58:42.973288,117765.385
2025-08-16 16:25:00.999394,117837.255
2025-08-16 16:42:46.097295,117833.315
2025-08-16 16:53:24.443505,117843.545
2025-08-16 17:07:36.382079,117826.235
2025-08-16 17:27:16.972771,117805.995
2025-08-16 17:38:40.598995,117773.895
2025-08-16 17:46:29.839750,117770.355
2025-08-16 17:54:27.400935,117801.965
2025-08-16 18:14:33.662409,117807.095
2025-08-16 18:41:50.319281,117753.555
2025-08-16 18:53:49.971025,117739.895
2025-08-16 19:07:28.105664,117760.595
2025-08-16 19:22:52.720524,117774.635
2025-08-16 19:30:44.222091,117794.69
2025-08-16 19:39:53.552480,117789.865
2025-08-16 19:47:42.738591,117802.87
2025-08-16 19:55:29.910466,117768.31
2025-08-16 20:14:06.223348,117688.825
2025-08-16 20:32:06.317508,117727.835
2025-08-16 20:44:12.620237,117758.915
2025-08-16 20:52:06.038108,117781.035
2025-08-16 20:59:56.682474,117740.255
2025-08-16 21:21:20.742035,117670.175
2025-08-16 21:32:17.851796,117629.605
2025-08-16 21:42:07.885540,117597.785
2025-08-16 21:49:49.768229,117614.785
2025-08-16 21:57:16.927301,117559.845
2025-08-16 22:16:49.386192,117489.095
2025-08-16 22:35:10.098451,117518.185
2025-08-16 22:45:42.229115,117582.185
2025-08-16 22:53:30.175082,117607.675
2025-08-16 23:08:42.509715,117564.865
2025-08-16 23:27:05.529899,117454.435
2025-08-16 23:37:52.379234,117444.285
2025-08-16 23:45:38.516319,117447.765
2025-08-16 23:53:36.997112,117541.205
2025-08-17 00:53:28.652015,117359.075
2025-08-17 02:49:23.274241,117615.795
2025-08-17 03:47:06.275249,117792.795
2025-08-17 04:20:40.122894,117825.875
2025-08-17 04:48:16.201166,117916.675
2025-08-17 05:00:16.336204,118160.825
2025-08-17 05:25:40.593101,118257.215
2025-08-17 05:41:38.406012,118104.735
2025-08-17 05:50:59.683135,118166.415
2025-08-17 05:58:48.299598,118079.745
2025-08-17 06:31:31.407976,118110.955
2025-08-17 06:52:20.731105,118031.875
2025-08-17 06:59:59.283258,118012.045
2025-08-17 07:22:22.893549,118088.605
2025-08-17 07:33:46.979608,118032.755
2025-08-17 07:43:19.491008,118068.705
2025-08-17 07:51:08.509394,118097.575
2025-08-17 07:58:42.001229,118073.235
2025-08-17 08:27:27.312346,118080.025
2025-08-17 08:46:07.503254,118199.735
2025-08-17 08:55:48.316281,118397.405
2025-08-17 09:14:13.999575,118354.995
2025-08-17 09:31:17.281107,118441.385
2025-08-17 09:43:33.373271,118359.955
2025-08-17 09:51:17.080234,118410.955
2025-08-17 09:59:00.472435,118415.725
2025-08-17 10:22:03.968638,118280.795
2025-08-17 10:39:52.067128,118266.865
2025-08-17 10:49:46.546693,118349.765
2025-08-17 10:57:34.364816,118405.475
2025-08-17 11:14:48.808533,118373.575
2025-08-17 11:27:52.155931,118391.115
2025-08-17 11:37:37.649545,118382.195
2025-08-17 11:45:15.091421,118390.635
2025-08-17 11:53:01.593930,118429.485
2025-08-17 12:14:38.430771,118377.595
2025-08-17 12:57:59.607058,118219.995
2025-08-17 13:28:04.082042,118230.985
2025-08-17 13:44:08.528082,118421.37
2025-08-17 13:51:46.658003,118440.555
2025-08-17 13:59:36.148380,118492.725
2025-08-17 14:20:42.816833,118303.095
2025-08-17 14:37:29.186772,118272.255
2025-08-17 14:46:54.601164,118376.575
2025-08-17 14:54:42.243906,118228.555
2025-08-17 15:11:15.648874,118297.765
2025-08-17 15:30:18.407560,118211.645
2025-08-17 15:42:28.982377,118285.1
2025-08-17 15:50:17.265081,118284.385
2025-08-17 15:57:59.130030,118327.755
2025-08-17 16:22:46.330233,118131.115
2025-08-17 16:42:51.776897,118019.895
2025-08-17 16:54:12.183251,117895.385
2025-08-17 17:09:16.959404,117933.945
2025-08-17 17:29:33.841234,117882.495
2025-08-17 17:42:30.005144,117971.775
2025-08-17 17:50:20.735848,117965.405
2025-08-17 17:58:01.180133,117988.015
2025-08-17 18:26:49.036256,117835.97
2025-08-17 18:48:20.533675,117881.085
2025-08-17 18:57:52.849396,117520.995
2025-08-17 19:14:57.571107,117766.835
2025-08-17 19:27:00.979839,117777.815
2025-08-17 19:36:33.142974,117699.995
2025-08-17 19:44:26.673382,117582.975
2025-08-17 19:52:13.824280,117628.075
2025-08-17 19:59:46.438143,117639.145
2025-08-17 20:26:16.287571,117692.125
2025-08-17 20:40:36.105892,117753.245
2025-08-17 20:50:23.824929,117752.195
2025-08-17 20:57:58.283671,117684.445
2025-08-17 21:18:10.891090,117744.725
2025-08-17 21:31:58.316061,117697.655
2025-08-17 21:43:09.730882,117699.995
2025-08-17 21:50:59.353096,117775.155
2025-08-17 21:58:47.222574,117772.015
2025-08-17 22:20:27.248622,117866.795
2025-08-17 22:39:03.943321,118016.995
2025-08-17 22:49:22.855808,118005.935
2025-08-17 22:57:12.815657,118025.255
2025-08-17 23:16:51.153978,117877.105
2025-08-17 23:32:09.238127,117619.985
2025-08-17 23:44:24.587437,117674.75
2025-08-17 23:52:06.942376,117548.295
2025-08-17 23:59:49.473581,117473.525
2025-08-18 02:08:32.995574,116297.85
2025-08-18 03:44:17.582680,115223.99
2025-08-18 04:25:58.089976,115453.43
2025-08-18 04:55:18.603057,115597.225
2025-08-18 05:18:38.261779,115728.72
2025-08-18 05:43:02.554022,115284.32
2025-08-18 05:53:54.445243,115540.505
2025-08-18 06:17:37.010253,115577.025
2025-08-18 06:50:52.224869,115316.91
2025-08-18 07:12:34.229194,115421.46
2025-08-18 07:33:47.438952,115315.175
2025-08-18 07:46:03.574681,115493.21
2025-08-18 07:54:03.532418,115279.135
2025-08-18 08:17:26.962778,115245.065
2025-08-18 08:46:06.868042,115328.765
2025-08-18 09:00:46.478846,115204.565
2025-08-18 09:33:00.679269,114762.185
2025-08-18 09:49:12.809238,115130.46
2025-08-18 09:57:04.588180,115156.805
2025-08-18 10:20:35.632718,115204.955
2025-08-18 10:44:17.007574,115269.335
2025-08-18 10:55:15.928579,115218.405
2025-08-18 11:12:39.172286,115195.995
2025-08-18 11:29:22.737519,115032.32
2025-08-18 11:41:50.826935,115014.035
2025-08-18 11:49:40.575385,115036.675
2025-08-18 11:57:22.558893,115029.285
2025-08-18 12:39:45.534515,115231.785
2025-08-18 13:22:49.645255,115716.615
2025-08-18 13:50:36.202798,115359.975
2025-08-18 14:00:47.395684,114990.36
2025-08-18 14:28:46.989362,115564.575
2025-08-18 14:47:57.137427,115045.59
2025-08-18 14:57:36.279313,115557.095
2025-08-18 15:21:09.871198,115503.675
2025-08-18 15:40:59.047747,115874.965
2025-08-18 15:52:49.018105,116154.455
2025-08-18 16:00:31.895806,116183.935
2025-08-18 16:34:31.877901,116108.605
2025-08-18 16:54:25.964034,116006.525
2025-08-18 17:12:34.143660,116203.295
2025-08-18 17:34:43.138216,116788.595
2025-08-18 17:48:09.530996,116573.395
2025-08-18 17:55:36.054414,116655.025
2025-08-18 18:21:29.151279,116298.725
2025-08-18 18:49:14.774894,116574.065
2025-08-18 19:00:59.072991,116699.845
2025-08-18 19:22:42.842516,116305.235
2025-08-18 19:32:54.593191,116337.695
2025-08-18 19:43:12.208237,116350.585
2025-08-18 19:50:57.704813,116316.885
2025-08-18 19:58:40.775021,116367.465
2025-08-18 20:22:07.885807,116449.495
2025-08-18 20:37:23.645850,116454.25
2025-08-18 20:47:25.771354,116202.955
2025-08-18 20:55:06.484985,116318.695
2025-08-18 21:11:12.418103,116500.005
2025-08-18 21:28:17.461522,116738.975
2025-08-18 21:39:15.756816,116565.415
2025-08-18 21:47:05.419476,116552.945
2025-08-18 21:54:59.632097,116652.435
2025-08-18 22:11:41.443803,117009.245
2025-08-18 22:31:14.287931,116940.055
2025-08-18 22:43:46.364059,116817.175
2025-08-18 22:51:42.439368,116684.855
2025-08-18 22:59:11.099790,116529.395
2025-08-18 23:20:46.366411,116403.955
2025-08-18 23:32:50.341950,116341.955
2025-08-18 23:43:21.399100,116316.745
2025-08-18 23:51:10.225855,116228.835
2025-08-18 23:58:52.513984,116244.195
2025-08-19 01:46:18.472165,116017.315
2025-08-19 03:03:14.561749,115696.575
2025-08-19 03:46:26.927192,114961.88
2025-08-19 04:00:16.216302,114862.655
2025-08-19 04:28:54.618832,114957.095
2025-08-19 04:45:08.949525,115287.675
2025-08-19 04:53:50.536837,115286.035
2025-08-19 05:10:45.717632,115336.355
2025-08-19 05:32:07.648604,115441.965
2025-08-19 05:44:32.435961,115298.765
2025-08-19 05:52:06.289884,115085.385
2025-08-19 05:59:59.445307,115013.685
2025-08-19 06:36:41.246049,115055.445
2025-08-19 06:54:08.846145,115063.785
2025-08-19 07:10:47.847717,114945.995
2025-08-19 07:28:42.583976,114808.755
2025-08-19 07:40:44.689393,114942.96
2025-08-19 07:48:47.666636,114968.825
2025-08-19 07:56:27.425476,114983.06
2025-08-19 08:21:05.572148,115035.475
2025-08-19 08:44:08.647598,115057.495
2025-08-19 08:56:34.184302,115279.895
2025-08-19 09:17:10.173068,115317.395
2025-08-19 09:34:42.638111,115503.015
2025-08-19 09:46:45.298850,115472.31
2025-08-19 09:54:38.395659,115413.905
2025-08-19 10:13:06.736410,115466.805
2025-08-19 10:36:32.248976,115460.265
2025-08-19 10:49:29.517524,115423.225
2025-08-19 10:57:20.744152,115433.435
2025-08-19 11:15:00.485516,115635.455
2025-08-19 11:28:27.833092,115637.235
2025-08-19 11:38:37.087840,115551.355
2025-08-19 11:46:36.621502,115519.385
2025-08-19 11:54:21.730319,115605.125
2025-08-19 12:21:58.961746,115578.68
2025-08-19 13:01:02.840132,115653.015
2025-08-19 13:35:47.408654,115493.675
2025-08-19 13:49:17.874231,115046.27
2025-08-19 13:56:49.670181,115368.515
2025-08-19 14:16:44.052456,114741.41
2025-08-19 14:38:47.504786,114260.41
2025-08-19 14:50:46.288869,113850.635
2025-08-19 14:58:36.062424,113949.725
2025-08-19 15:22:50.840680,114015.615
2025-08-19 15:38:44.217329,113987.075
2025-08-19 15:49:20.833573,114026.325
2025-08-19 15:57:10.753202,113783.025
2025-08-19 16:22:13.168948,113742.975
2025-08-19 16:44:00.728469,113570.585
2025-08-19 16:55:28.077974,113475.975
2025-08-19 17:12:37.186363,113382.62
2025-08-19 17:31:22.716929,113498.795
2025-08-19 17:43:52.407344,113465.445
2025-08-19 17:51:38.869773,113392.165
2025-08-19 17:59:23.976100,113524.545
2025-08-19 18:30:48.456458,113233.995
2025-08-19 18:50:24.296088,112871.365
2025-08-19 18:58:03.997154,113064.585
2025-08-19 19:15:12.637328,112788.985
2025-08-19 19:27:12.635724,113319.7
2025-08-19 19:36:34.044879,113455.985
2025-08-19 19:44:18.237113,113386.52
2025-08-19 19:52:17.170562,113290.235
2025-08-19 20:00:04.391675,113075.76
2025-08-19 20:26:16.204593,113127.115
2025-08-19 20:38:41.631034,113380.835
2025-08-19 20:47:45.959774,113452.095
2025-08-19 20:55:39.274547,113523.735
2025-08-19 21:13:28.698030,113507.925
2025-08-19 21:29:24.310273,113505.125
2025-08-19 21:40:06.775952,113521.815
2025-08-19 21:48:02.462824,113415.015
2025-08-19 21:55:53.052100,113400.005
2025-08-19 22:14:00.523999,113173.355
2025-08-19 22:33:03.851551,113301.505
2025-08-19 22:44:37.741418,113163.675
2025-08-19 22:52:15.248752,113184.465
2025-08-19 22:59:43.523083,113155.175
2025-08-19 23:21:42.571191,112961.265
2025-08-19 23:33:11.547771,112830.125
2025-08-19 23:42:58.796431,112857.275
2025-08-19 23:50:49.635358,112800.005
2025-08-19 23:58:41.907409,112886.445
2025-08-20 01:42:21.577636,112616.155
2025-08-20 03:01:16.752161,113450.33
2025-08-20 03:43:22.109599,113468.955
2025-08-20 03:58:50.296058,113538.375
2025-08-20 04:26:20.574203,113648.77
2025-08-20 04:44:04.150143,113556.225
2025-08-20 04:53:48.428559,113619.705
2025-08-20 05:10:36.859507,113533.675
2025-08-20 05:32:21.822379,113581.775
2025-08-20 05:44:58.467790,113627.465
2025-08-20 05:52:39.770948,113660.195
2025-08-20 06:00:08.197081,113696.37
2025-08-20 06:37:07.814466,113699.455
2025-08-20 06:55:18.467803,113641.505
2025-08-20 07:13:33.115520,113692.635
2025-08-20 07:30:57.962137,113674.585
2025-08-20 07:43:35.783160,113651.855
2025-08-20 07:51:03.812189,113600.415
2025-08-20 07:58:35.719317,113452.145
2025-08-20 08:27:49.711219,113852.225
2025-08-20 08:46:02.312599,113982.915
2025-08-20 08:56:26.172623,113916.595
2025-08-20 09:17:27.172338,113812.445
2025-08-20 09:35:21.679625,113844.355
2025-08-20 09:46:43.315763,113868.285
2025-08-20 09:54:32.409336,113622.505
2025-08-20 10:12:37.403464,113617.055
2025-08-20 10:35:49.826153,113603.155
2025-08-20 10:48:20.197772,113752.965
2025-08-20 10:55:57.912733,113824.615
2025-08-20 11:12:37.576716,113567.155
2025-08-20 11:27:29.991666,113482.815
2025-08-20 11:37:52.411597,113288.025
2025-08-20 11:45:43.648470,113206.6
2025-08-20 11:53:25.537830,113628.635
2025-08-20 12:17:20.757833,113868.17
2025-08-20 13:01:25.349819,113645.29
2025-08-20 13:36:09.495184,113348.435
2025-08-20 13:50:29.140227,112671.445
2025-08-20 13:58:06.185099,112868.185
2025-08-20 14:20:20.848844,112670.915
2025-08-20 14:40:41.439154,113752.445
2025-08-20 14:51:47.171227,113851.315
2025-08-20 14:59:28.507658,113506.485
2025-08-20 15:24:52.042202,114066.605
2025-08-20 15:40:45.559490,114047.63
2025-08-20 15:49:15.195109,113754.895
2025-08-20 15:57:05.133273,113391.235
2025-08-20 16:21:39.297922,114045.285
2025-08-20 16:43:03.054386,113872.455
2025-08-20 16:55:02.205528,114050.775
2025-08-20 17:11:06.816189,114056.985
2025-08-20 17:30:37.921785,113781.405
2025-08-20 17:43:19.634245,114169.965
2025-08-20 17:51:16.981330,114125.56
2025-08-20 17:58:49.625514,114184.58
2025-08-20 18:31:13.319680,113370.655
2025-08-20 18:51:33.333108,113627.535
2025-08-20 18:59:35.868928,113515.855
2025-08-20 19:18:03.249905,113920.465
2025-08-20 19:28:43.960364,114091.54
2025-08-20 19:37:59.003344,113964.985
2025-08-20 19:45:55.429725,114006.095
2025-08-20 19:53:54.035957,114136.385
2025-08-20 20:11:24.414107,114165.51
2025-08-20 20:32:47.538257,114209.345
2025-08-20 20:45:42.244222,114236.535
2025-08-20 20:53:43.380671,114331.88
2025-08-20 21:08:56.272966,114448.195
2025-08-20 21:27:41.333963,114029.035
2025-08-20 21:38:39.220697,114034.865
2025-08-20 21:46:39.097020,114313.285
2025-08-20 22:05:13.833886,114333.055
2025-08-20 22:09:42.773971,114252.575
2025-08-20 22:30:48.887324,114397.015
2025-08-20 22:43:07.052170,114517.605
2025-08-20 22:50:39.646865,114601.625
2025-08-20 22:58:23.392124,114619.955
2025-08-20 23:18:14.319737,114307.115
2025-08-20 23:31:00.862103,114262.965
2025-08-20 23:41:32.300823,114394.165
2025-08-20 23:49:07.619465,114255.365
2025-08-20 23:56:34.047174,114267.735
2025-08-21 01:14:19.358504,114261.385
2025-08-21 02:46:30.320345,113939.115
2025-08-21 03:31:40.735053,114230.165
2025-08-21 03:54:28.805226,114095.255
2025-08-21 04:14:38.121037,113880.675
2025-08-21 04:37:25.578779,113952.285
2025-08-21 04:49:26.957973,113981.045
2025-08-21 04:57:11.393575,113855.405
2025-08-21 05:17:42.135038,113758.035
2025-08-21 05:37:05.440893,113852.675
2025-08-21 05:47:12.600842,113948.415
2025-08-21 05:55:11.440292,113959.985
2025-08-21 06:28:39.626689,113626.535
2025-08-21 06:57:42.329676,113788.825
2025-08-21 07:20:41.785968,113613.505
2025-08-21 07:35:48.411948,113803.005
2025-08-21 07:44:46.949066,113844.705
2025-08-21 07:52:37.565891,113893.725
2025-08-21 08:00:26.285819,113885.655
2025-08-21 08:32:57.590395,113713.46
2025-08-21 08:50:21.819331,113712.805
2025-08-21 08:58:37.838676,113587.455
2025-08-21 09:22:49.673299,113316.515
2025-08-21 09:38:45.580690,113467.525
2025-08-21 09:47:52.701360,113551.225
2025-08-21 09:55:26.317703,113392.915
2025-08-21 10:14:32.470855,113383.625
2025-08-21 10:37:00.289031,113320.2
2025-08-21 10:48:55.326172,113386.39
2025-08-21 10:56:51.918864,113300.885
2025-08-21 11:15:02.435950,113475.015
2025-08-21 11:28:31.585130,113439.915
2025-08-21 11:38:55.711241,113308.33
2025-08-21 11:46:32.638666,113193.905
2025-08-21 11:54:35.491804,113084.825
2025-08-21 12:22:59.872495,113164.18
2025-08-21 13:02:19.238151,113047.055
2025-08-21 13:36:14.028826,113221.895
2025-08-21 13:49:54.609835,113450.425
2025-08-21 13:57:33.642149,113503.755
2025-08-21 14:18:55.657654,113871.665
2025-08-21 14:39:52.601337,113304.375
2025-08-21 14:51:28.402988,113115.24
2025-08-21 14:59:24.592467,113248.71
2025-08-21 15:24:32.593049,113141.995
2025-08-21 15:39:44.825101,113066.795
2025-08-21 15:49:20.612349,112876.265
2025-08-21 15:57:26.535263,112836.385
2025-08-21 16:43:49.528058,112587.915
2025-08-21 16:56:06.779266,112553.44
2025-08-21 17:13:27.069793,112185.745
2025-08-21 17:31:45.945835,112208.35
2025-08-21 17:44:24.471941,112356.515
2025-08-21 17:51:50.553368,112382.015
2025-08-21 17:59:13.714476,112421.215
2025-08-21 18:30:54.453239,112415.405
2025-08-21 18:50:12.895612,112202.78
2025-08-21 18:57:46.315312,112264.5
2025-08-21 19:14:55.759794,112704.785
2025-08-21 19:26:46.313303,112243.555
2025-08-21 19:36:22.094316,112045.385
2025-08-21 19:44:02.575643,112141.175
2025-08-21 19:51:41.576273,112077.825
2025-08-21 19:59:13.474805,112067.13
2025-08-21 20:24:09.380125,112347.605
2025-08-21 20:39:16.301622,112232.71
2025-08-21 20:48:27.176204,112331.995
2025-08-21 20:56:19.122233,112749.765
2025-08-21 21:14:02.635580,112421.34
2025-08-21 21:29:10.850242,112527.52
2025-08-21 21:39:45.196705,112572.775
2025-08-21 21:47:37.332891,112461.685
2025-08-21 21:55:31.153502,112576.965
2025-08-21 22:13:42.646271,112576.455
2025-08-21 22:33:41.757520,112547.635
2025-08-21 22:44:58.345355,112405.595
2025-08-21 22:52:49.960821,112470.275
2025-08-21 23:00:18.389022,112470.975
2025-08-21 23:22:40.686032,112275.895
2025-08-21 23:33:23.282384,112386.585
2025-08-21 23:43:06.258269,112327.7
2025-08-21 23:50:59.779096,112271.905
2025-08-21 23:58:30.023524,112421.955
2025-08-22 01:40:19.815034,112769.355
2025-08-22 03:00:16.577532,113114.9
2025-08-22 03:41:54.350351,113064.385
2025-08-22 03:57:55.178492,112887.245
2025-08-22 04:21:52.399877,113188.9
2025-08-22 04:40:17.600686,113095.655
2025-08-22 04:51:34.384367,112904.895
2025-08-22 04:59:11.348004,112757.345
2025-08-22 05:21:37.018128,112878.46
2025-08-22 05:38:06.360762,113113.715
2025-08-22 05:46:48.934774,113162.735
2025-08-22 05:54:49.671876,113207.215
2025-08-22 06:18:40.206401,113193.905
2025-08-22 06:46:28.673639,112847.085
2025-08-22 06:58:28.442220,112975.925
2025-08-22 07:19:12.548949,112914.425
2025-08-22 07:31:33.200451,113163.235
2025-08-22 07:41:29.001194,113147.825
2025-08-22 07:49:26.794851,113135.67
2025-08-22 07:57:03.647879,113116.955
2025-08-22 08:23:07.501069,113201.725
2025-08-22 08:43:08.096556,113016.025
2025-08-22 08:54:53.716238,112936.715
2025-08-22 09:13:26.650894,112890.205
2025-08-22 09:32:37.898068,112925.185
2025-08-22 09:44:11.977648,112861.63
2025-08-22 09:51:57.907160,113076.295
2025-08-22 09:59:35.752842,113006.995
2025-08-22 10:24:31.763295,112634.62
2025-08-22 10:41:38.914867,112549.995
2025-08-22 10:50:56.752422,112526.995
2025-08-22 10:58:44.450351,112488.735
2025-08-22 11:17:21.320956,112237.255
2025-08-22 11:29:16.955710,112239.225
2025-08-22 11:38:49.423204,112170.195
2025-08-22 11:46:52.848695,112306.475
2025-08-22 11:54:31.116154,112263.335
2025-08-22 12:21:51.811903,111979.99
2025-08-22 13:00:43.251113,112339.275
2025-08-22 13:33:36.989419,112219.5
2025-08-22 13:47:02.083534,112446.325
2025-08-22 13:54:53.145752,112523.035
2025-08-22 14:12:32.022447,114674.555
2025-08-22 14:33:25.521032,115361.355
2025-08-22 14:45:50.542955,115827.115
2025-08-22 14:53:39.428152,116055.305
2025-08-22 15:09:54.562851,116537.88
2025-08-22 15:29:29.703772,116692.925
2025-08-22 15:40:59.661974,116924.905
2025-08-22 15:48:54.986544,117120.55
2025-08-22 15:56:54.369796,116730.68
2025-08-22 16:20:14.725004,116301.305
2025-08-22 16:42:23.289339,116424.295
2025-08-22 16:54:11.475996,116339.98
2025-08-22 17:09:42.949962,116531.16
2025-08-22 17:29:41.974348,116976.21
2025-08-22 17:42:13.262187,116556.295
2025-08-22 17:50:12.053569,116720.275
2025-08-22 17:57:58.710227,116885.155
2025-08-22 18:27:27.447474,116936.645
2025-08-22 18:48:03.786816,116864.05
2025-08-22 18:56:47.389023,116735.265
2025-08-22 19:13:17.810275,116801.455
2025-08-22 19:26:12.579019,116766.69
2025-08-22 19:35:34.891387,116655.665
2025-08-22 19:43:05.317387,116707.915
2025-08-22 19:50:48.697380,116642.475
2025-08-22 19:58:24.106661,116558.115
2025-08-22 20:21:55.281549,116928.235
2025-08-22 20:37:29.531113,116918.085
2025-08-22 20:46:55.107370,117016.61
2025-08-22 20:54:25.476265,116890.195
2025-08-22 21:10:02.041554,116977.135
2025-08-22 21:27:19.423764,116995.775
2025-08-22 21:37:27.654107,116988.075
2025-08-22 21:45:05.629785,117017.255
2025-08-22 21:52:57.318716,116973.585
2025-08-22 22:00:48.947438,117025.565
2025-08-22 22:24:15.645601,116598.755
2025-08-22 22:38:23.566752,116646.095
2025-08-22 22:45:59.987886,116668.255
2025-08-22 22:53:34.954622,116711.815
2025-08-22 23:09:16.638214,116794.645
2025-08-22 23:26:35.560556,116703.995
2025-08-22 23:36:40.855116,116736.025
2025-08-22 23:44:41.891027,116817.175
2025-08-22 23:52:19.612322,116881.155
2025-08-23 00:00:08.793553,116905.015
2025-08-23 01:51:07.477660,116323.285
2025-08-23 02:56:13.713885,116016.285
2025-08-23 03:32:27.482404,115592.105
2025-08-23 03:51:55.064270,115541.91
2025-08-23 03:59:26.870849,115513.615
2025-08-23 04:26:08.852122,115707.09
2025-08-23 04:41:43.916216,115824.095
2025-08-23 04:51:07.732901,115730.205
2025-08-23 04:58:42.236027,115841.29
2025-08-23 05:18:50.317598,115859.905
2025-08-23 05:33:36.101442,115934.455
2025-08-23 05:43:16.677319,115920.915
2025-08-23 05:51:10.685317,115942.925
2025-08-23 05:58:50.983920,115921.655
2025-08-23 06:29:13.892299,115724.525
2025-08-23 06:47:35.627464,115725.1
2025-08-23 06:55:10.662756,115677.55
2025-08-23 07:11:48.259941,115770.615
2025-08-23 07:26:24.846185,115724.515
2025-08-23 07:35:13.937690,115630.86
2025-08-23 07:43:01.763411,115816.005
2025-08-23 07:50:48.991713,115766.205
2025-08-23 07:58:20.675688,115730.425
2025-08-23 08:23:37.126522,115756.635
2025-08-23 08:40:22.748051,115688.345
2025-08-23 08:51:13.147965,115714.655
2025-08-23 08:58:55.158771,115695.315
2025-08-23 09:19:54.046244,115569.445
2025-08-23 09:32:01.184970,115567.035
2025-08-23 09:41:38.499786,115610.545
2025-08-23 09:49:24.143502,115583.165
2025-08-23 09:57:11.729059,115691.735
2025-08-23 10:16:28.149603,115602.705
2025-08-23 10:34:33.019427,115543.575
2025-08-23 10:44:22.600902,115561.735
2025-08-23 10:52:12.776516,115548.585
2025-08-23 10:59:44.824449,115530.055
2025-08-23 11:17:32.755459,115559.995
2025-08-23 11:27:17.423579,115497.105
2025-08-23 11:36:42.452899,115470.475
2025-08-23 11:44:20.322385,115419.445
2025-08-23 11:52:04.409353,115415.465
2025-08-23 11:59:44.215302,115174.995
2025-08-23 12:43:14.805219,115372.035
2025-08-23 13:12:01.476030,115121.295
2025-08-23 13:33:17.807773,114938.145
2025-08-23 13:42:48.806779,114829.405
2025-08-23 13:50:37.802648,115018.405
2025-08-23 13:58:26.415286,114846.485
2025-08-23 14:16:57.026186,114893.685
2025-08-23 14:32:18.277290,115039.03
2025-08-23 14:42:33.680035,114707.905
2025-08-23 14:50:19.809935,114648.545
2025-08-23 14:58:03.810911,114669.605
2025-08-23 15:17:30.939275,114704.175
2025-08-23 15:30:40.129267,114876.575
2025-08-23 15:40:17.396017,114897.025
2025-08-23 15:48:05.161705,114795.23
2025-08-23 15:55:43.049589,114782.675
2025-08-23 16:14:51.245332,114657.09
2025-08-23 16:35:07.507536,114818.015
2025-08-23 16:46:14.643408,114797.235
2025-08-23 16:53:58.314997,114883.235
2025-08-23 17:07:53.831869,115024.355
2025-08-23 17:25:27.011579,114938.715
2025-08-23 17:35:52.355670,115023.42
2025-08-23 17:43:17.964962,115065.065
2025-08-23 17:50:58.375114,115045.535
2025-08-23 17:58:40.440880,115028.845
2025-08-23 18:26:45.805749,115075.515
2025-08-23 18:44:13.935321,115094.37
2025-08-23 18:52:34.234037,115125.835
2025-08-23 19:00:07.863399,115106.095
2025-08-23 19:17:14.080151,115003.345
2025-08-23 19:25:42.188509,115043.835
2025-08-23 19:35:14.371015,115055.935
2025-08-23 19:43:01.921186,115059.825
2025-08-23 19:50:44.510055,115122.08
2025-08-23 19:58:36.645392,115098.085
2025-08-23 20:20:31.864655,115137.575
2025-08-23 20:33:43.396347,115243.685
2025-08-23 20:43:22.412403,115122.565
2025-08-23 20:51:15.019984,115164.945
2025-08-23 20:58:47.031753,115268.565
2025-08-23 21:17:48.642099,115052.77
2025-08-23 21:29:28.358014,115021.915
2025-08-23 21:38:53.424943,115000.005
2025-08-23 21:46:45.011081,115025.115
2025-08-23 21:54:28.615914,115160.815
2025-08-23 22:10:08.491124,115233.475
2025-08-23 22:29:49.856008,115221.885
2025-08-23 22:41:49.418427,115205.225
2025-08-23 22:49:42.264435,115230.285
2025-08-23 22:57:25.807568,115260.595
2025-08-23 23:16:27.690189,115200.765
2025-08-23 23:30:08.377774,115233.855
2025-08-23 23:40:40.557536,115201.25
2025-08-23 23:48:28.100123,115255.305
2025-08-23 23:56:04.910607,115373.985
2025-08-24 01:18:11.191146,115355.095
2025-08-24 02:57:44.823766,115046.995
2025-08-24 03:47:07.604345,114897.005
2025-08-24 04:13:59.230618,115222.905
2025-08-24 04:40:12.506349,115044.505
2025-08-24 04:51:56.882457,115064.375
2025-08-24 04:59:50.959930,115087.975
2025-08-24 05:22:57.911096,115052.945
2025-08-24 05:37:58.095397,114938.025
2025-08-24 05:45:59.928488,114883.225
2025-08-24 05:53:45.534463,114901.255
2025-08-24 06:14:14.061345,114891.725
2025-08-24 06:42:52.967491,114952.885
2025-08-24 06:54:06.554596,114843.685
2025-08-24 07:09:56.595836,114876.715
2025-08-24 07:26:36.961757,114880.165
2025-08-24 07:36:06.970383,114944.395
2025-08-24 07:43:55.521698,114950.015
2025-08-24 07:51:24.648957,114895.905
2025-08-24 07:59:16.774392,114837.1
2025-08-24 08:26:19.887292,114771.38
2025-08-24 08:41:26.143642,114723.755
2025-08-24 08:50:48.984372,114748.975
2025-08-24 08:58:36.156092,114767.125
2025-08-24 09:19:18.770876,114662.15
2025-08-24 09:31:54.830313,114797.41
2025-08-24 09:41:40.696357,114925.395
2025-08-24 09:49:16.164733,114888.92
2025-08-24 09:56:57.374346,114820.855
2025-08-24 10:16:24.014348,114775.205
2025-08-24 10:34:30.345569,114569.535
2025-08-24 10:44:31.570985,114816.805
2025-08-24 10:52:14.030828,114807.045
2025-08-24 10:59:44.926842,114750.955
2025-08-24 11:17:44.538898,114705.085
2025-08-24 11:27:49.266089,114601.115
2025-08-24 11:37:10.443792,114648.695
2025-08-24 11:44:44.901159,114622.825
2025-08-24 11:52:40.664474,114681.145
2025-08-24 12:00:12.724645,114698.52
2025-08-24 12:46:53.766849,114602.515
2025-08-24 13:14:15.706016,114613.935
2025-08-24 13:34:31.804134,114722.575
2025-08-24 13:44:30.339487,114633.875
2025-08-24 13:52:27.121953,114642.395
2025-08-24 13:59:54.069246,114528.285
2025-08-24 14:19:47.221800,114439.55
2025-08-24 14:34:08.195955,114400.135
2025-08-24 14:43:45.426142,114423.02
2025-08-24 14:51:34.995372,114455.485
2025-08-24 14:59:09.246708,114528.02
2025-08-24 15:20:14.180144,114567.495
2025-08-24 15:32:20.724667,114701.845
2025-08-24 15:41:56.974534,114577.085
2025-08-24 15:49:41.928881,114483.395
2025-08-24 15:57:11.086845,114400.995
2025-08-24 16:19:41.292768,114342.695
2025-08-24 16:40:04.637624,114354.99
2025-08-24 16:50:54.161912,114342.005
2025-08-24 16:58:40.140036,114270.115
2025-08-24 17:17:05.074560,114372.375
2025-08-24 17:31:38.407990,114261.105
2025-08-24 17:41:38.139962,114322.635
2025-08-24 17:49:21.695240,114419.525
2025-08-24 17:56:48.989937,114402.355
2025-08-24 18:21:18.256935,114701.27
2025-08-24 18:42:31.535915,114724.9
2025-08-24 18:52:48.895019,114586.785
2025-08-24 19:00:31.101265,114555.185
2025-08-24 19:19:02.827881,114524.725
2025-08-24 19:27:21.326202,114565.645
2025-08-24 19:37:01.450825,113061.99
2025-08-24 19:44:35.813815,112888.06
2025-08-24 19:52:27.492241,112469.935
2025-08-24 20:00:26.367605,112583.75
2025-08-24 20:25:47.248848,112759.065
2025-08-24 20:38:12.290772,112748.99
2025-08-24 20:46:49.336034,112859.435
2025-08-24 20:54:23.237718,112737.55
2025-08-24 21:09:32.230799,112532.595
2025-08-24 21:26:23.525056,112804.23
2025-08-24 21:36:09.612762,113168.24
2025-08-24 21:44:02.784872,113126.205
2025-08-24 21:51:38.533178,113100.565
2025-08-24 21:59:05.598846,112914.015
2025-08-24 22:19:57.427006,112860.565
2025-08-24 22:36:15.272904,112884.915
2025-08-24 22:45:35.193057,113375.54
2025-08-24 22:53:22.988772,113397.83
2025-08-24 23:08:29.512726,113406.595
2025-08-24 23:26:49.656891,113556.785
2025-08-24 23:37:42.779863,113611.94
2025-08-24 23:45:19.773679,113620.305
2025-08-24 23:53:03.468649,113447.135
2025-08-25 00:42:31.473394,112283.305
2025-08-25 02:25:36.735643,113388.45
2025-08-25 03:33:06.449199,113274.065
2025-08-25 04:00:39.340112,112964.565
2025-08-25 04:33:20.331142,112711.78
2025-08-25 04:50:38.406282,112784.63
2025-08-25 04:58:15.643515,112734.565
2025-08-25 05:20:53.438012,112612.37
2025-08-25 05:39:55.848236,112430.085
2025-08-25 05:49:52.149795,112444.455
2025-08-25 05:57:39.513265,112380.065
2025-08-25 06:30:26.127539,112251.095
2025-08-25 06:53:36.636898,111888.005
2025-08-25 07:11:24.209458,111849.43
2025-08-25 07:30:14.269807,111864.275
2025-08-25 07:41:56.869101,111858.765
2025-08-25 07:49:50.150154,111546.975
2025-08-25 07:57:19.925476,111462.69
2025-08-25 08:26:08.320267,111673.63
2025-08-25 08:48:21.999042,111589.205
2025-08-25 08:59:35.390980,111464.005
2025-08-25 09:26:31.825706,111653.735
2025-08-25 09:41:44.163675,111606.795
2025-08-25 09:50:36.440536,111681.885
2025-08-25 09:58:14.053914,111736.055
2025-08-25 10:22:33.014548,111347.54
2025-08-25 10:41:42.672775,111347.73
2025-08-25 10:52:02.178317,111150.755
2025-08-25 10:59:42.049067,110963.375
2025-08-25 11:19:47.494998,110987.215
2025-08-25 11:31:04.045516,111061.165
2025-08-25 11:41:35.099979,111205.355
2025-08-25 11:49:29.614141,111081.135
2025-08-25 11:57:14.561632,111239.575
2025-08-25 12:37:30.489436,111377.455
2025-08-25 13:17:45.743964,111369.385
2025-08-25 13:43:37.213428,110904.015
2025-08-25 13:53:49.303176,111265.115
2025-08-25 14:10:16.275324,111844.105
2025-08-25 14:33:45.517900,111991.45
2025-08-25 14:47:55.200798,112139.845
2025-08-25 14:55:46.072164,112237.21
2025-08-25 15:15:18.581902,111987.565
2025-08-25 15:34:26.328963,112489.655
2025-08-25 15:46:45.657672,112239.295
2025-08-25 15:54:29.515873,112291.105
2025-08-25 16:14:08.451840,112496.075
2025-08-25 16:41:14.134400,112791.925
2025-08-25 16:55:11.172069,112565.0
2025-08-25 17:10:41.067871,112504.585
2025-08-25 17:29:25.082782,112732.005
2025-08-25 17:41:14.126791,112480.195
2025-08-25 17:49:07.414857,112318.925
2025-08-25 17:56:43.262602,112433.745
2025-08-25 18:24:00.076192,112528.415
2025-08-25 18:46:56.818298,112360.875
2025-08-25 18:57:42.820984,112450.305
2025-08-25 19:14:44.236327,112182.725
2025-08-25 19:26:57.869924,112004.255
2025-08-25 19:36:37.417717,111326.035
2025-08-25 19:44:12.847191,111133.13
2025-08-25 19:52:04.759105,111245.785
2025-08-25 19:59:58.103147,110743.24
2025-08-25 20:26:10.350574,110396.565
2025-08-25 20:40:01.446840,109760.235
2025-08-25 20:49:29.158922,109718.695
2025-08-25 20:56:56.956739,109697.655
2025-08-25 21:15:35.030916,109488.9
2025-08-25 21:30:34.781714,109527.205
2025-08-25 21:41:38.934412,109959.985
2025-08-25 21:49:35.072120,110280.76
2025-08-25 21:57:05.739064,110162.305
2025-08-25 22:16:47.585309,110062.365
2025-08-25 22:34:53.455414,110456.37
2025-08-25 22:45:23.131407,110594.195
2025-08-25 22:53:10.816097,110346.015
2025-08-25 23:08:35.188771,110109.87
2025-08-25 23:27:12.915966,109808.075
2025-08-25 23:38:13.395961,110054.34
2025-08-25 23:46:05.393607,110210.865
2025-08-25 23:53:38.672624,110174.855
2025-08-26 00:46:25.255163,109081.285
2025-08-26 02:23:05.894474,109921.095
2025-08-26 03:26:51.265678,109943.915
2025-08-26 03:53:09.731635,109886.67
2025-08-26 04:11:47.257452,110034.575
2025-08-26 04:35:30.368219,110086.38
2025-08-26 04:48:33.922281,110016.245
2025-08-26 04:56:35.923221,110114.585
2025-08-26 05:16:32.175384,110248.685
2025-08-26 05:35:38.665459,110243.74
2025-08-26 05:46:20.069525,110391.555
2025-08-26 05:54:13.337443,110305.34
2025-08-26 06:17:01.050262,110269.975
2025-08-26 06:46:56.317048,110069.18
2025-08-26 06:59:27.201470,110019.135
2025-08-26 07:22:31.628055,109879.865
2025-08-26 07:36:02.632628,110421.345
2025-08-26 07:45:05.346955,110292.215
2025-08-26 07:52:54.752394,110334.035
2025-08-26 08:00:59.135856,110292.995
2025-08-26 08:35:48.739257,110054.735
2025-08-26 08:53:40.244761,110253.135
2025-08-26 09:11:10.798378,110274.205
2025-08-26 09:33:36.822739,110358.195
2025-08-26 09:46:41.156027,110067.295
2025-08-26 09:54:20.232965,110083.605
2025-08-26 10:12:47.919419,110304.865
2025-08-26 10:36:29.736397,110373.205
2025-08-26 10:49:22.350600,110224.655
2025-08-26 10:56:52.273020,110228.325
2025-08-26 11:15:22.114928,110030.825
2025-08-26 11:29:38.836693,109834.405
2025-08-26 11:40:42.932426,109691.485
2025-08-26 11:48:39.493144,109592.435
2025-08-26 11:56:29.191947,109659.215
2025-08-26 12:34:32.275856,109875.935
2025-08-26 13:17:21.531659,110199.995
2025-08-26 13:44:37.300653,109873.855
2025-08-26 13:53:51.842456,109645.99
2025-08-26 14:09:53.349286,110084.545
2025-08-26 14:31:58.447230,110165.955
2025-08-26 14:45:56.699133,110378.395
2025-08-26 14:53:52.904381,110213.935
2025-08-26 15:10:32.144381,110389.855
2025-08-26 15:31:18.887963,110016.295
2025-08-26 15:43:24.344904,109667.775
2025-08-26 15:51:21.857121,109640.025
2025-08-26 15:59:01.103140,109615.015
2025-08-26 16:26:38.133630,109583.735
2025-08-26 16:44:53.987366,109819.545
2025-08-26 16:54:57.904381,109790.775
2025-08-26 17:11:09.691230,109889.525
2025-08-26 17:30:07.763031,109846.545
2025-08-26 17:42:33.390234,109604.79
2025-08-26 17:50:13.313978,109775.815
2025-08-26 17:57:42.343040,109817.295
2025-08-26 18:26:11.427803,110287.725
2025-08-26 18:46:49.554177,110861.765
2025-08-26 18:56:16.229928,110745.915
2025-08-26 19:12:10.135730,110574.37
2025-08-26 19:24:05.081159,111035.435
2025-08-26 19:32:43.178983,111153.175
2025-08-26 19:40:51.100113,110942.905
2025-08-26 19:48:54.576985,111057.775
2025-08-26 19:56:43.294729,111114.895
2025-08-26 20:18:06.271218,111278.985
2025-08-26 20:34:19.329953,111328.48
2025-08-26 20:44:24.080859,111242.59
2025-08-26 20:52:22.440355,111295.925
2025-08-26 20:59:52.509249,111347.205
2025-08-26 21:20:28.231946,111228.255
2025-08-26 21:30:35.810133,111295.225
2025-08-26 21:40:18.240346,111308.575
2025-08-26 21:48:14.836808,111275.215
2025-08-26 21:55:41.497084,111470.695
2025-08-26 22:13:13.786784,111849.215
2025-08-26 22:32:03.184001,111703.78
2025-08-26 22:43:42.651030,111617.405
2025-08-26 22:51:28.230149,111781.895
2025-08-26 22:59:07.864664,111897.495
2025-08-26 23:18:52.379216,112220.355
2025-08-26 23:30:19.163870,111961.685
2025-08-26 23:40:10.756705,111800.01
2025-08-26 23:48:03.171698,111787.385
2025-08-26 23:55:38.700930,111859.145
2025-08-27 01:04:43.759407,111325.515
2025-08-27 02:38:59.326560,111352.895
2025-08-27 03:46:58.097701,111326.025
2025-08-27 03:56:20.192588,111538.595
2025-08-27 04:18:52.725312,111547.96
2025-08-27 04:38:59.119864,111605.435
2025-08-27 04:49:17.890695,111687.075
2025-08-27 04:57:01.011843,111546.185
2025-08-27 05:16:05.786904,111617.375
2025-08-27 05:33:00.149613,111416.445
2025-08-27 05:43:45.954463,111372.755
2025-08-27 05:51:29.561925,111393.645
2025-08-27 05:59:15.514010,111352.0
2025-08-27 06:32:10.867053,111283.575
2025-08-27 06:50:47.348881,111099.165
2025-08-27 06:58:27.483219,111012.845
2025-08-27 07:19:08.142533,110875.94
2025-08-27 07:30:51.752217,110872.865
2025-08-27 07:40:53.594050,110800.155
2025-08-27 07:48:35.750222,110838.9
2025-08-27 07:56:11.002225,110734.175
2025-08-27 08:20:03.338120,110624.335
2025-08-27 08:41:42.452961,110534.425
2025-08-27 08:53:51.744919,110619.555
2025-08-27 09:10:45.922349,110796.635
2025-08-27 09:30:43.339809,110979.795
2025-08-27 09:43:01.149061,110903.015
2025-08-27 09:50:53.452428,110862.415
2025-08-27 09:58:37.512116,110822.835
2025-08-27 10:20:44.372709,111186.485
2025-08-27 10:38:55.580080,110940.445
2025-08-27 10:47:49.479238,111016.735
2025-08-27 10:55:36.194020,111071.185
2025-08-27 11:11:53.978620,111261.335
2025-08-27 11:25:50.810875,111220.085
2025-08-27 11:35:17.372478,111233.53
2025-08-27 11:42:57.339311,111264.225
2025-08-27 11:50:29.551915,111351.805
2025-08-27 11:58:07.527819,111345.585
2025-08-27 12:39:31.028808,111150.265
2025-08-27 13:14:55.303701,111113.7
2025-08-27 13:39:08.607734,111104.425
2025-08-27 13:49:50.686390,111747.545
2025-08-27 13:57:11.751416,111609.59
2025-08-27 14:16:47.373687,111693.955
2025-08-27 14:36:00.762737,112589.835
2025-08-27 14:47:07.675654,111788.475
2025-08-27 14:55:09.774256,111925.725
2025-08-27 15:13:41.562805,112090.875
2025-08-27 15:32:05.142040,111827.355
2025-08-27 15:43:45.162678,111809.715
2025-08-27 15:51:28.245110,111859.595
2025-08-27 15:59:23.660685,111974.995
2025-08-27 16:28:40.027834,111719.095
2025-08-27 16:46:50.726235,111856.405
2025-08-27 16:55:57.477035,112148.715
2025-08-27 17:12:54.455763,112048.475
2025-08-27 17:30:17.301027,112318.655
2025-08-27 17:41:35.062727,112347.365
2025-08-27 17:49:36.363330,112353.095
2025-08-27 17:57:04.093659,112340.995
2025-08-27 18:24:01.317576,112567.405
2025-08-27 18:43:18.182305,112304.405
2025-08-27 18:53:15.256511,112198.205
2025-08-27 19:06:53.777451,111981.615
2025-08-27 19:22:45.760483,111889.705
2025-08-27 19:30:26.190469,112032.525
2025-08-27 19:39:39.372193,112192.395
2025-08-27 19:47:38.048196,111976.705
2025-08-27 19:55:31.470450,112077.225
2025-08-27 20:14:20.284633,111831.335
2025-08-27 20:32:27.220788,112297.915
2025-08-27 20:44:19.669332,112314.255
2025-08-27 20:52:00.490476,112222.605
2025-08-27 20:59:28.569555,112398.63
2025-08-27 21:20:10.519570,111857.965
2025-08-27 21:30:57.382617,111868.685
2025-08-27 21:40:26.413122,111672.105
2025-08-27 21:48:19.299453,111698.645
2025-08-27 21:56:15.886548,111470.265
2025-08-27 22:13:51.208765,111183.265
2025-08-27 22:31:48.618128,111339.695
2025-08-27 22:43:00.707370,111499.995
2025-08-27 22:50:56.936240,111508.345
2025-08-27 22:58:45.100868,111401.165
2025-08-27 23:18:37.450577,111365.08
2025-08-27 23:30:01.838218,111348.995
2025-08-27 23:39:26.536597,111221.265
2025-08-27 23:47:19.116555,111130.045
2025-08-27 23:55:07.059018,111189.385
2025-08-28 00:58:48.177708,111295.715
2025-08-28 02:25:48.792905,111590.945
2025-08-28 03:22:58.354036,111788.735
2025-08-28 03:46:11.341355,111886.735
2025-08-28 03:55:53.866161,111974.185
2025-08-28 04:17:13.035272,112158.055
2025-08-28 04:37:32.793010,112364.675
2025-08-28 04:48:06.150685,112810.21
2025-08-28 04:55:50.509296,113046.465
2025-08-28 05:14:21.288313,112939.245
2025-08-28 05:32:40.862466,112900.595
2025-08-28 05:44:02.103083,112856.605
2025-08-28 05:51:56.132771,112763.13
2025-08-28 05:59:25.450566,112885.595
2025-08-28 06:33:50.742807,113016.625
2025-08-28 06:52:28.834909,113024.475
2025-08-28 07:00:04.153069,113210.295
2025-08-28 07:23:20.700937,113213.975
2025-08-28 07:34:41.882407,113080.875
2025-08-28 07:43:26.213831,113158.655
2025-08-28 07:51:13.140795,113171.94
2025-08-28 07:58:57.093794,113160.655
2025-08-28 08:28:32.912535,113057.88
2025-08-28 08:47:11.882586,113170.915
2025-08-28 08:57:14.991547,113054.22
2025-08-28 09:18:06.773888,113000.02
2025-08-28 09:33:41.397722,112914.395
2025-08-28 09:44:20.990836,112903.015
2025-08-28 09:52:09.066704,112874.205
2025-08-28 10:00:08.441626,112853.105
2025-08-28 10:25:46.677469,112904.755
2025-08-28 10:41:32.604600,113040.995
2025-08-28 10:50:15.313480,112942.355
2025-08-28 10:57:58.817623,113078.155
2025-08-28 11:15:31.311093,112986.57
2025-08-28 11:27:59.947528,112936.835
2025-08-28 11:37:29.861109,112942.405
2025-08-28 11:45:08.709449,112869.015
2025-08-28 11:52:50.292187,112925.835
2025-08-28 12:00:21.989431,112920.715
2025-08-28 12:51:07.787762,113171.945
2025-08-28 13:20:29.300325,113245.215
2025-08-28 13:41:31.174326,112967.43
2025-08-28 13:50:50.842192,112813.655
2025-08-28 13:58:21.975715,112787.815
2025-08-28 14:19:42.585993,112887.625
2025-08-28 14:39:20.290013,112832.055
2025-08-28 14:49:46.707617,113244.005
2025-08-28 14:57:43.574472,113245.17
2025-08-28 15:19:19.392406,113110.425
2025-08-28 15:34:47.936385,112801.83
2025-08-28 15:45:14.405527,112596.065
2025-08-28 15:52:57.078625,112423.505
2025-08-28 16:00:55.595050,112760.495
2025-08-28 16:32:21.677039,112924.245
2025-08-28 16:48:27.706827,112810.845
2025-08-28 16:57:30.198550,112551.475
2025-08-28 17:15:17.329618,112276.095
2025-08-28 17:31:32.256111,112483.645
2025-08-28 17:42:36.924120,112608.95
2025-08-28 17:50:28.901728,112533.525
2025-08-28 17:58:10.488131,112464.655
2025-08-28 18:27:53.379227,112532.635
2025-08-28 18:48:11.466545,112466.535
2025-08-28 18:56:23.646130,112433.385
2025-08-28 19:12:41.815858,112493.665
2025-08-28 19:24:44.935739,112227.495
2025-08-28 19:33:48.739091,112288.185
2025-08-28 19:41:44.072397,112170.91
2025-08-28 19:49:20.169382,112088.055
2025-08-28 19:57:11.801636,111945.985
2025-08-28 20:18:50.600090,111971.725
2025-08-28 20:34:02.215165,111945.375
2025-08-28 20:44:20.332400,112026.005
2025-08-28 20:52:20.178478,111930.475
2025-08-28 20:59:50.764739,111924.605
2025-08-28 21:20:54.024321,111997.205
2025-08-28 21:30:34.864733,111985.775
2025-08-28 21:40:05.954751,111974.51
2025-08-28 21:48:18.513573,111920.475
2025-08-28 21:55:37.991103,112066.595
2025-08-28 22:12:56.235934,112295.115
2025-08-28 22:31:04.202086,112445.205
2025-08-28 22:42:17.260416,112427.585
2025-08-28 22:50:16.342842,112412.73
2025-08-28 22:58:02.695293,112377.13
2025-08-28 23:17:45.995193,112441.04
2025-08-28 23:29:58.067923,112407.39
2025-08-28 23:39:15.858212,112486.135
2025-08-28 23:47:12.509977,112500.785
2025-08-28 23:54:40.832272,112513.345
2025-08-29 00:55:38.077416,112175.075
2025-08-29 02:23:11.796775,111665.615
2025-08-29 03:12:54.033172,111532.905
2025-08-29 03:43:12.483261,111785.255
2025-08-29 04:13:24.224019,111654.385
2025-08-29 04:34:59.762974,111557.495
2025-08-29 04:46:59.225880,111592.245
2025-08-29 04:54:50.414877,111507.575
2025-08-29 05:12:05.858634,111437.235
2025-08-29 05:31:18.151936,111274.875
2025-08-29 05:42:58.836545,111216.745
2025-08-29 05:50:53.866165,111228.045
2025-08-29 05:58:39.979150,111239.435
2025-08-29 06:30:18.969634,111010.035
2025-08-29 06:49:31.696904,111192.805
2025-08-29 06:57:07.737325,111258.525
2025-08-29 07:16:38.965288,110562.085
2025-08-29 07:30:28.381389,110137.275
2025-08-29 07:40:19.571952,110122.315
2025-08-29 07:48:11.671174,110125.095
2025-08-29 07:55:54.185671,110085.445
2025-08-29 08:18:36.597611,110202.025
2025-08-29 08:40:55.495191,109811.205
2025-08-29 08:53:00.999351,109694.085
2025-08-29 09:01:03.123321,109625.83
2025-08-29 09:27:09.600832,109686.025
2025-08-29 09:39:43.904611,109665.125
2025-08-29 09:47:36.901607,109852.235
2025-08-29 09:55:28.768644,109844.965
2025-08-29 10:13:59.491851,109921.025
2025-08-29 10:34:37.939560,109929.995
2025-08-29 10:45:51.805510,109994.945
2025-08-29 10:53:18.647916,109851.67
2025-08-29 11:07:24.673301,109918.295
2025-08-29 11:23:30.459739,110037.075
2025-08-29 11:31:47.663656,110011.795
2025-08-29 11:41:01.350544,109855.935
2025-08-29 11:48:39.613277,110039.955
2025-08-29 11:56:23.164182,110063.21
2025-08-29 12:30:50.250106,110646.055
2025-08-29 13:04:30.140664,110642.145
2025-08-29 13:33:29.920019,110275.36
2025-08-29 13:45:26.763084,109712.405
2025-08-29 13:52:58.526117,109372.175
2025-08-29 14:01:23.190846,109312.265
2025-08-29 14:24:45.973380,108769.075
2025-08-29 14:39:30.382723,108584.475
2025-08-29 14:47:41.252170,108693.065
2025-08-29 14:55:17.882395,108391.25
2025-08-29 15:11:32.905943,108311.995
2025-08-29 15:28:25.241576,108476.865
2025-08-29 15:39:18.348525,108516.545
2025-08-29 15:47:07.197602,108534.585
2025-08-29 15:54:46.681674,108467.935
2025-08-29 16:14:15.866751,108666.095
2025-08-29 16:38:09.413984,108729.345
2025-08-29 16:50:58.478627,108593.325
2025-08-29 16:58:33.690850,108746.105
2025-08-29 17:17:02.480874,108227.53
2025-08-29 17:31:19.106822,108500.81
2025-08-29 17:42:10.038588,108335.165
2025-08-29 17:49:34.274415,108490.605
2025-08-29 17:57:16.879183,108583.59
2025-08-29 18:23:02.030984,108240.905
2025-08-29 18:41:57.948136,108147.095
2025-08-29 18:52:06.751329,108156.865
2025-08-29 19:00:02.173086,108155.075
2025-08-29 19:17:26.180112,108595.425
2025-08-29 19:26:06.512819,108623.755
2025-08-29 19:35:44.145989,108414.605
2025-08-29 19:43:36.988897,108540.155
2025-08-29 19:51:25.874283,108426.86
2025-08-29 19:59:06.067424,108232.925
2025-08-29 20:22:31.253350,107857.215
2025-08-29 20:35:40.880777,107856.555
2025-08-29 20:44:14.292390,107692.215
2025-08-29 20:52:05.745545,107681.975
2025-08-29 20:59:37.922032,107877.565
2025-08-29 21:19:29.998118,107827.525
2025-08-29 21:29:38.579491,107898.88
2025-08-29 21:38:44.683081,108362.005
2025-08-29 21:46:40.057002,108373.145
2025-08-29 21:54:19.977374,108358.235
2025-08-29 22:10:22.501485,108354.195
2025-08-29 22:29:34.142456,108323.315
2025-08-29 22:40:48.597798,108248.375
2025-08-29 22:48:49.460364,108218.295
2025-08-29 22:56:36.276358,108256.065
2025-08-29 23:14:19.786499,108426.025
2025-08-29 23:27:57.227255,108405.205
2025-08-29 23:37:10.554408,108519.045
2025-08-29 23:45:07.644740,108531.545
2025-08-29 23:52:54.888142,108471.065
2025-08-30 00:36:07.733882,108245.675
2025-08-30 02:08:39.439733,107728.445
2025-08-30 03:03:52.759624,107825.835
2025-08-30 03:34:39.809712,108373.845
2025-08-30 03:48:48.479117,108420.285
2025-08-30 03:56:19.006355,108417.185
2025-08-30 04:17:12.425783,108509.005
2025-08-30 04:34:40.730510,108483.46
2025-08-30 04:44:49.167807,108498.975
2025-08-30 04:52:38.664628,108461.035
2025-08-30 04:59:55.999836,108444.36
2025-08-30 05:20:30.617048,108265.305
2025-08-30 05:33:16.329458,108215.395
2025-08-30 05:42:11.730937,108389.785
2025-08-30 05:50:05.648084,108333.875
2025-08-30 05:57:57.314579,108329.22
2025-08-30 06:24:18.771525,108312.085
2025-08-30 06:42:09.951374,108301.425
2025-08-30 06:51:26.529362,108205.785
2025-08-30 06:58:49.829002,108251.595
2025-08-30 07:17:13.084514,108206.56
2025-08-30 07:27:54.710615,108209.375
2025-08-30 07:44:38.872850,108479.045
2025-08-30 07:52:17.009438,108480.7
2025-08-30 07:59:46.855500,108508.315
2025-08-30 08:26:49.282117,108655.865
2025-08-30 08:41:05.629584,108584.79
2025-08-30 08:49:48.103919,108524.145
2025-08-30 08:57:38.712234,108600.115
2025-08-30 09:16:34.812238,108491.435
2025-08-30 09:29:22.105737,108546.765
2025-08-30 09:38:35.975175,108490.8
2025-08-30 09:46:31.592243,108492.165
2025-08-30 09:54:19.663067,108589.375
2025-08-30 10:09:58.649575,108606.395
2025-08-30 10:30:10.457382,108687.245
2025-08-30 10:41:19.402762,108569.775
2025-08-30 10:49:25.986653,108455.46
2025-08-30 10:57:05.867906,108425.94
2025-08-30 11:12:29.562879,108524.315
2025-08-30 11:23:48.152941,108513.555
2025-08-30 11:31:56.757977,108533.505
2025-08-30 11:40:14.686300,108570.605
2025-08-30 11:48:10.759283,108619.495
2025-08-30 11:55:45.857998,108621.185
2025-08-30 12:24:50.982184,108537.415
2025-08-30 12:56:41.632752,108591.495
2025-08-30 13:19:46.386506,108301.565
2025-08-30 13:33:41.066276,108477.565
2025-08-30 13:41:32.055100,108473.955
2025-08-30 13:49:26.561486,108460.755
2025-08-30 13:57:19.636330,108479.205
2025-08-30 14:13:47.417133,108452.275
2025-08-30 14:29:13.965836,108527.435
2025-08-30 14:38:44.901187,108584.375
2025-08-30 14:46:39.162439,108648.51
2025-08-30 14:54:23.104902,108702.465
2025-08-30 15:09:44.319520,108625.715
2025-08-30 15:26:29.648250,108832.915
2025-08-30 15:36:08.453171,108718.545
2025-08-30 15:43:54.551028,108872.48
2025-08-30 15:51:44.586622,108896.095
2025-08-30 15:59:15.140617,108847.675
2025-08-30 16:24:17.481990,108730.845
2025-08-30 16:39:36.226754,108770.215
2025-08-30 16:48:15.778334,108857.97
2025-08-30 16:55:54.184030,108871.76
2025-08-30 17:10:51.564395,108849.045
2025-08-30 17:26:43.937926,108849.145
2025-08-30 17:36:16.887739,108809.865
2025-08-30 17:44:00.697155,108727.835
2025-08-30 17:51:33.040326,108700.455
2025-08-30 17:59:03.320140,108769.865
2025-08-30 18:27:08.460258,108685.875
2025-08-30 18:43:33.475276,108692.525
2025-08-30 18:51:31.043847,108810.855
2025-08-30 18:59:07.965933,108745.335
2025-08-30 19:15:18.834893,108728.755
2025-08-30 19:24:41.187215,108666.045
2025-08-30 19:33:09.543417,108813.005
2025-08-30 19:40:54.486084,108854.505
2025-08-30 19:48:34.784564,108791.845
2025-08-30 19:56:34.548094,108796.415
2025-08-30 20:15:30.476849,108739.145
2025-08-30 20:30:32.815130,108774.735
2025-08-30 20:41:02.445651,108639.675
2025-08-30 20:48:52.234885,108643.605
2025-08-30 20:56:45.397271,108641.665
2025-08-30 21:13:26.381650,108613.785
2025-08-30 21:26:37.177685,108618.155
2025-08-30 21:35:32.429047,108542.43
2025-08-30 21:43:21.903815,108562.055
2025-08-30 21:51:14.261365,108556.04
2025-08-30 21:59:06.698192,108620.16
2025-08-30 22:18:38.088866,108555.265
2025-08-30 22:32:31.630760,108524.185
2025-08-30 22:41:58.329450,108588.885
2025-08-30 22:49:47.794825,108550.025
2025-08-30 22:57:28.553451,108531.395
2025-08-30 23:15:16.261323,108625.595
2025-08-30 23:28:07.254371,108713.865
2025-08-30 23:37:07.135810,108696.645
2025-08-30 23:44:54.418232,108796.685
2025-08-30 23:52:24.452033,108774.86
2025-08-30 23:59:59.173687,108827.485
2025-08-31 01:56:22.231058,109489.775
2025-08-31 03:03:38.977284,109256.435
2025-08-31 03:40:27.280396,109285.525
2025-08-31 03:54:38.953005,109304.795
2025-08-31 04:13:30.705908,109033.435
2025-08-31 04:33:40.343774,108831.435
2025-08-31 04:45:19.646042,108730.365
2025-08-31 04:52:56.610886,108715.4
2025-08-31 05:00:51.736255,108777.395
2025-08-31 05:23:35.157765,108632.785
2025-08-31 05:36:08.501240,108649.78
2025-08-31 05:43:48.274832,108693.855
2025-08-31 05:51:45.886412,108742.135
2025-08-31 05:59:23.782753,108753.105
2025-08-31 06:30:20.375032,108577.03
2025-08-31 06:47:27.077722,108712.825
2025-08-31 06:55:02.498295,108733.775
2025-08-31 07:11:06.054182,108834.28
2025-08-31 07:25:57.106784,108671.895
2025-08-31 07:34:41.476439,108744.925
2025-08-31 07:42:26.869635,108772.325
2025-08-31 07:50:26.391515,108693.485
2025-08-31 07:57:56.601417,108716.075
2025-08-31 08:21:40.302335,108854.755
2025-08-31 08:37:51.323206,108875.395
2025-08-31 08:47:10.445252,108981.935
2025-08-31 08:54:57.172200,109022.265
2025-08-31 09:10:52.942700,109098.035
2025-08-31 09:26:51.257458,108920.45
2025-08-31 09:35:41.308594,108797.725
2025-08-31 09:43:36.249243,108726.025
2025-08-31 09:51:17.210225,108718.795
2025-08-31 09:58:54.139845,108480.695
2025-08-31 10:19:24.404780,108380.43
2025-08-31 10:34:04.687528,108436.975
2025-08-31 10:43:16.590330,108406.35
2025-08-31 10:51:16.459530,108455.955
2025-08-31 10:58:45.586388,108558.795
2025-08-31 11:15:19.371081,108517.335
2025-08-31 11:25:33.397164,108426.52
2025-08-31 11:34:48.036092,108445.455
2025-08-31 11:42:36.500487,108365.845
2025-08-31 11:50:24.036004,108412.745
2025-08-31 11:57:52.574451,108378.21
2025-08-31 12:35:00.511843,108425.545
2025-08-31 13:02:02.848661,108325.54
2025-08-31 13:28:30.064088,108330.205
2025-08-31 13:39:16.955155,108215.405
2025-08-31 13:47:10.643532,108426.715
2025-08-31 13:54:51.320270,108308.76
2025-08-31 14:09:47.422707,108297.565
2025-08-31 14:27:40.334185,108346.625
2025-08-31 14:38:06.782214,108507.255
2025-08-31 14:45:57.000973,108436.715
2025-08-31 14:53:49.588690,108424.595
2025-08-31 15:08:15.811978,108622.405
2025-08-31 15:26:10.194265,108532.545
2025-08-31 15:36:12.222101,108504.8
2025-08-31 15:43:51.501249,108707.485
2025-08-31 15:51:30.106500,108799.995
2025-08-31 15:59:20.038636,108813.175
2025-08-31 16:24:44.042742,108633.105
2025-08-31 16:40:19.589692,108731.5
2025-08-31 16:49:15.395239,108856.695
2025-08-31 16:57:07.398667,108927.945
2025-08-31 17:13:08.446088,108915.95
2025-08-31 17:27:59.514613,108949.995
2025-08-31 17:37:47.728401,108862.755
2025-08-31 17:45:31.954627,108977.735
2025-08-31 17:53:14.135417,108930.885
2025-08-31 18:10:33.266723,108979.045
2025-08-31 18:35:56.880670,109125.585
2025-08-31 18:48:27.758304,109158.845
2025-08-31 18:56:14.225463,109155.215
2025-08-31 19:11:05.053932,109065.005
2025-08-31 19:30:54.012707,108964.195
2025-08-31 19:39:43.800877,109062.305
2025-08-31 19:47:28.130417,109026.435
2025-08-31 19:55:03.595144,108979.025
2025-08-31 20:13:00.868371,109067.425
2025-08-31 20:30:08.318642,109061.745
2025-08-31 20:40:46.433323,108977.405
2025-08-31 20:48:41.026756,109042.55
2025-08-31 20:56:27.725741,109114.525
2025-08-31 21:12:59.247012,108961.995
2025-08-31 21:26:54.370409,109013.345
2025-08-31 21:35:55.753084,109024.675
2025-08-31 21:43:44.648307,109084.575
2025-08-31 21:51:37.495100,109071.435
2025-08-31 21:59:11.071709,109048.45
2025-08-31 22:19:19.176919,109150.695
2025-08-31 22:33:40.814809,109039.525
2025-08-31 22:43:20.346362,108911.595
2025-08-31 22:51:11.854742,108891.515
2025-08-31 22:59:00.889571,108881.545
2025-08-31 23:18:30.959004,108534.685
2025-08-31 23:29:56.176590,108401.045
2025-08-31 23:39:16.324602,108220.755
2025-08-31 23:55:12.492097,108230.105
2025-09-01 01:10:36.135352,108035.195
2025-09-01 02:59:10.583425,107611.685
2025-09-01 03:52:20.056830,107453.31
2025-09-01 04:18:38.809130,107656.445
2025-09-01 04:43:06.864928,107349.45
2025-09-01 04:54:22.196025,107403.265
2025-09-01 05:12:19.057887,107314.385
2025-09-01 05:33:07.887658,107664.225
2025-09-01 05:44:58.731304,107910.305
2025-09-01 05:52:39.771432,107896.585
2025-09-01 06:00:06.929632,107860.715
2025-09-01 06:38:45.874940,107970.035
2025-09-01 06:56:10.275779,108081.015
2025-09-01 07:16:18.726188,108080.99
2025-09-01 07:31:49.829270,108561.825
2025-09-01 07:42:49.639322,108664.085
2025-09-01 07:50:45.663750,108998.335
2025-09-01 07:58:21.577075,109341.42
2025-09-01 08:29:10.295799,109463.785
2025-09-01 08:49:01.225231,109567.595
2025-09-01 08:58:12.317730,109544.355
2025-09-01 09:23:23.939685,109717.635
2025-09-01 09:40:12.325973,109684.585
2025-09-01 09:49:52.880832,109693.96
2025-09-01 09:57:43.934266,109566.745
2025-09-01 10:20:30.607649,109132.365
2025-09-01 10:41:24.134226,108370.155
2025-09-01 10:51:06.072051,108374.655
2025-09-01 10:58:45.250640,108522.415
2025-09-01 11:17:16.354076,108704.24
2025-09-01 11:28:44.959481,108628.965
2025-09-01 11:38:31.917820,108653.395
2025-09-01 11:46:28.713279,108538.47
2025-09-01 11:54:02.392896,108665.995
2025-09-01 12:20:41.181696,108877.805
2025-09-01 13:01:29.679594,109128.735
2025-09-01 13:34:11.693944,109282.515
2025-09-01 13:47:23.881571,109039.59
2025-09-01 13:55:17.529278,109037.295
2025-09-01 14:12:38.841280,109199.995
2025-09-01 14:32:28.721833,108972.975
2025-09-01 14:45:20.940772,109082.245
2025-09-01 14:52:57.230609,109127.165
2025-09-01 15:01:03.239964,109140.53
2025-09-01 15:25:51.899875,108733.945
2025-09-01 15:37:43.713300,108832.525
2025-09-01 15:45:28.904480,108689.005
2025-09-01 15:53:21.331580,108644.68
2025-09-01 16:10:22.219478,108951.095
2025-09-01 16:34:41.918811,108938.725
2025-09-01 16:48:03.599806,108985.725
2025-09-01 16:55:37.247494,108772.455
2025-09-01 17:11:50.357508,108636.875
2025-09-01 17:27:52.448494,108500.56
2025-09-01 17:38:00.089988,108754.075
2025-09-01 17:45:46.964515,108842.885
2025-09-01 17:53:55.982428,108914.545
2025-09-01 18:12:03.703436,108947.915
2025-09-01 18:38:32.099107,109055.745
2025-09-01 18:50:40.397926,109163.945
2025-09-01 18:58:28.735813,109239.885
2025-09-01 19:15:36.700354,109203.22
2025-09-01 19:25:40.131533,109275.105
2025-09-01 19:35:36.635754,109243.915
2025-09-01 19:43:27.316106,109269.465
2025-09-01 19:51:07.237923,109169.47
2025-09-01 19:58:39.284288,109198.445
2025-09-01 20:20:50.033424,109079.825
2025-09-01 20:33:52.980589,109091.47
2025-09-01 20:43:05.893859,108639.915
2025-09-01 20:51:00.461252,108827.085
2025-09-01 20:58:56.376172,108701.615
2025-09-01 21:17:27.092558,108558.145
2025-09-01 21:29:05.290313,108122.255
2025-09-01 21:37:43.183994,107777.785
2025-09-01 21:45:15.408889,107538.465
2025-09-01 21:53:02.699040,107562.455
2025-09-01 22:07:21.617222,107729.805
2025-09-01 22:28:32.563447,108038.915
2025-09-01 22:40:05.778554,108002.0
2025-09-01 22:47:50.125867,108199.21
2025-09-01 22:55:25.148394,108384.335
2025-09-01 23:12:07.404823,108623.33
2025-09-01 23:27:21.433582,108655.325
2025-09-01 23:36:46.408261,108787.245
2025-09-01 23:44:48.989264,109115.36
2025-09-01 23:52:31.850086,109149.335
2025-09-02 00:00:07.665836,109232.165
2025-09-02 01:54:21.268043,109486.835
2025-09-02 03:00:56.128158,110102.25
2025-09-02 03:41:03.243046,110324.765
2025-09-02 03:56:03.253659,110413.595
2025-09-02 04:18:02.181556,110384.6
2025-09-02 04:39:45.391142,110185.305
2025-09-02 04:51:21.708028,110174.015
2025-09-02 04:59:02.718890,110257.195
2025-09-02 05:21:32.170377,110180.465
2025-09-02 05:38:22.070472,110148.215
2025-09-02 05:46:51.836628,110169.685
2025-09-02 05:54:37.255325,110233.075
2025-09-02 06:18:29.339474,110397.255
2025-09-02 06:46:46.634067,110392.095
2025-09-02 06:58:09.889877,110410.255
2025-09-02 07:19:18.596218,110243.895
2025-09-02 07:32:34.823757,110264.285
2025-09-02 07:43:15.183843,110251.175
2025-09-02 07:51:17.413601,110083.71
2025-09-02 07:58:46.986000,110158.965
2025-09-02 08:28:36.219625,110340.055
2025-09-02 08:47:55.617007,110575.335
2025-09-02 08:57:35.436269,110430.765
2025-09-02 09:19:43.719049,110663.055
2025-09-02 09:35:07.349141,110299.995
2025-09-02 09:45:09.884980,110397.645
2025-09-02 09:52:59.010214,110342.275
2025-09-02 10:01:25.732844,110485.935
2025-09-02 10:28:28.471452,110306.135
2025-09-02 10:43:57.382251,110206.205
2025-09-02 10:51:35.040987,110162.35
2025-09-02 10:59:04.172446,110263.865
2025-09-02 11:17:43.151910,110187.895
2025-09-02 11:29:13.943087,109918.255
2025-09-02 11:39:03.205072,109959.215
2025-09-02 11:47:08.261520,109943.475
2025-09-02 11:55:01.944491,109772.05
2025-09-02 12:25:38.981031,109342.09
2025-09-02 13:04:35.703362,108960.555
2025-09-02 13:36:14.625900,109822.545
2025-09-02 13:49:28.035284,110822.735
2025-09-02 13:57:08.042223,111250.31
2025-09-02 14:17:02.192922,110971.78
2025-09-02 14:38:19.665443,111668.0
2025-09-02 14:49:54.353725,111408.585
2025-09-02 14:57:54.820943,111283.155
2025-09-02 15:20:00.216644,111200.05
2025-09-02 15:36:33.769368,110950.095
2025-09-02 15:46:37.849405,111038.155
2025-09-02 15:54:38.330639,110637.77
2025-09-02 16:14:42.833625,110932.805
2025-09-02 16:40:23.017793,110615.91
2025-09-02 16:51:58.206534,110743.3
2025-09-02 16:59:48.775460,110783.485
2025-09-02 17:19:08.696689,110747.895
2025-09-02 17:31:54.714216,110988.765
2025-09-02 17:41:36.696921,110856.135
2025-09-02 17:49:11.786200,110947.535
2025-09-02 17:56:41.435106,110892.925
2025-09-02 18:21:20.502870,110506.625
2025-09-02 18:42:21.323829,110457.115
2025-09-02 18:51:54.848389,110722.695
2025-09-02 18:59:36.351169,110665.475
2025-09-02 19:16:41.538446,110571.805
2025-09-02 19:25:35.395214,110513.98
2025-09-02 19:35:22.773949,110565.775
2025-09-02 19:43:13.612220,110691.125
2025-09-02 19:51:17.543005,110754.355
2025-09-02 19:58:51.218586,110676.89
2025-09-02 20:20:41.221314,111307.275
2025-09-02 20:31:02.474031,111245.045
2025-09-02 20:41:06.619820,111381.835
2025-09-02 20:49:04.178615,111311.925
2025-09-02 20:57:09.947973,111429.655
2025-09-02 21:13:56.754300,111491.005
2025-09-02 21:26:49.064039,111297.005
2025-09-02 21:35:22.709481,111490.665
2025-09-02 21:43:35.985379,111415.045
2025-09-02 21:51:27.539172,111224.33
2025-09-02 21:58:50.442931,111177.875
2025-09-02 22:17:28.160016,111144.54
2025-09-02 22:31:42.473899,111050.15
2025-09-02 22:41:12.780693,111206.565
2025-09-02 22:49:03.489972,111201.36
2025-09-02 22:56:45.076909,111215.205
2025-09-02 23:13:22.750415,111179.395
2025-09-02 23:25:55.163483,111069.995
2025-09-02 23:35:03.569961,111020.005
2025-09-02 23:42:57.720797,111140.635
2025-09-02 23:50:52.667448,111090.605
2025-09-02 23:58:30.795625,111225.655
2025-09-03 01:25:04.484194,110968.545
2025-09-03 02:37:47.525698,111291.26
2025-09-03 03:08:41.876091,111395.805
2025-09-03 03:35:48.711117,110990.635
2025-09-03 03:47:58.437597,110960.555
2025-09-03 03:55:30.026099,111111.965
2025-09-03 04:16:17.218246,110849.445
2025-09-03 04:35:30.408364,111060.545
2025-09-03 04:46:22.706852,110983.415
2025-09-03 04:54:09.785800,111074.695
2025-09-03 05:10:17.095325,110961.125
2025-09-03 05:29:29.362684,110831.025
2025-09-03 05:40:35.645953,110787.315
2025-09-03 05:48:29.007144,110791.625
2025-09-03 05:56:07.134333,110710.485
2025-09-03 06:20:56.919812,110761.935
2025-09-03 06:43:18.551938,110762.055
2025-09-03 06:52:59.504331,110748.69
2025-09-03 07:00:58.861755,110794.505
2025-09-03 07:23:39.361784,110665.145
2025-09-03 07:33:05.107004,110802.105
2025-09-03 07:42:11.728652,110882.795
2025-09-03 07:49:52.495557,110981.615
2025-09-03 07:57:48.589826,111077.335
2025-09-03 08:23:44.876240,111157.27
2025-09-03 08:41:48.270733,111055.06
2025-09-03 08:53:05.526889,111004.835
2025-09-03 09:08:40.811009,110990.095
2025-09-03 09:28:38.935391,111133.355
2025-09-03 09:39:48.335369,111165.285
2025-09-03 09:47:36.405724,111154.835
2025-09-03 09:55:17.282614,111211.585
2025-09-03 10:13:03.804723,111290.27
2025-09-03 10:33:05.821090,111454.605
2025-09-03 10:43:54.403213,111460.975
2025-09-03 10:51:57.255216,111362.555
2025-09-03 10:59:26.044727,111445.515
2025-09-03 11:17:55.907086,111628.765
2025-09-03 11:27:53.897896,111445.045
2025-09-03 11:37:22.606682,111563.605
2025-09-03 11:45:04.835306,111575.305
2025-09-03 11:53:01.436786,111537.665
2025-09-03 12:15:41.476631,111482.525
2025-09-03 12:56:55.049354,111074.695
2025-09-03 13:24:48.528779,111371.465
2025-09-03 13:41:57.093478,111475.005
2025-09-03 13:50:03.717051,111815.615
2025-09-03 13:57:41.760289,111403.365
2025-09-03 14:18:27.438260,111248.66
2025-09-03 14:36:51.720744,111736.165
2025-09-03 14:46:50.167603,112422.23
2025-09-03 14:54:38.684650,112134.405
2025-09-03 15:12:31.494234,112277.245
2025-09-03 15:31:12.112623,112054.005
2025-09-03 15:42:42.478728,112265.855
2025-09-03 15:50:48.227669,112252.405
2025-09-03 15:58:35.087726,112244.445
2025-09-03 16:24:48.479788,112155.235
2025-09-03 16:42:53.700241,111907.705
2025-09-03 16:52:37.607778,111724.805
2025-09-03 17:00:35.174646,111879.065
2025-09-03 17:20:27.300455,112458.715
2025-09-03 17:32:55.772810,112457.82
2025-09-03 17:41:48.569739,112329.985
2025-09-03 17:49:51.414905,112430.925
2025-09-03 17:57:19.883314,112368.775
2025-09-03 18:24:15.657619,112241.165
2025-09-03 18:42:14.145206,111943.555
2025-09-03 18:51:10.064454,111857.625
2025-09-03 18:59:19.178533,112005.465
2025-09-03 19:17:07.634941,111802.455
2025-09-03 19:26:59.325428,111948.695
2025-09-03 19:36:10.182541,111992.625
2025-09-03 19:43:44.552465,111903.695
2025-09-03 19:51:30.301024,112083.535
2025-09-03 19:59:13.304598,112230.845
2025-09-03 20:23:05.064794,112098.445
2025-09-03 20:36:03.397445,112181.385
2025-09-03 20:44:29.291866,112168.995
2025-09-03 20:52:27.886234,112213.545
2025-09-03 21:00:29.492090,112263.685
2025-09-03 21:21:01.563762,112140.185
2025-09-03 21:30:12.914872,112141.515
2025-09-03 21:38:55.285805,111908.405
2025-09-03 21:46:38.335884,111844.555
2025-09-03 21:54:35.265066,112000.985
2025-09-03 22:10:08.832125,112146.935
2025-09-03 22:28:59.581340,111998.025
2025-09-03 22:39:18.970075,111933.085
2025-09-03 22:46:58.083006,112021.255
2025-09-03 22:54:26.066409,111972.465
2025-09-03 23:09:49.732416,111915.955
2025-09-03 23:25:10.176865,111861.895
2025-09-03 23:33:57.465872,111754.525
2025-09-03 23:41:55.469816,111679.16
2025-09-03 23:49:47.398261,111749.755
2025-09-03 23:57:30.585462,111706.515
2025-09-04 01:17:02.675637,111703.825
2025-09-04 02:35:45.976082,111668.275
2025-09-04 03:08:50.977734,111486.87
2025-09-04 03:36:54.495711,111281.315
2025-09-04 03:49:01.040910,111282.685
2025-09-04 03:56:31.520163,111171.895
2025-09-04 04:17:58.958897,111350.9
2025-09-04 04:36:18.567551,111188.165
2025-09-04 04:45:59.848280,111166.755
2025-09-04 04:54:02.892306,111121.805
2025-09-04 05:10:08.385622,110860.37
2025-09-04 05:29:49.928712,110840.625
2025-09-04 05:41:04.937776,110688.485
2025-09-04 05:48:49.487506,110699.045
2025-09-04 05:56:16.870664,110657.715
2025-09-04 06:22:12.134963,110490.835
2025-09-04 06:44:57.342399,110428.065
2025-09-04 06:54:34.916735,110405.535
2025-09-04 07:11:31.230279,110518.22
2025-09-04 07:26:51.434035,110467.475
2025-09-04 07:36:18.826832,110489.18
2025-09-04 07:44:23.556228,110384.545
2025-09-04 07:51:55.307207,110406.615
2025-09-04 07:59:29.361068,110542.315
2025-09-04 08:28:43.679154,110756.965
2025-09-04 08:46:37.629298,110722.225
2025-09-04 08:55:25.395287,110660.755
2025-09-04 09:13:55.766233,110864.575
2025-09-04 09:30:29.728619,110841.695
2025-09-04 09:41:34.187165,110786.755
2025-09-04 09:49:36.117329,110830.655
2025-09-04 09:57:37.577772,110836.115
2025-09-04 10:18:32.379611,110933.245
2025-09-04 10:35:50.369387,111022.075
2025-09-04 10:45:17.736221,110940.685
2025-09-04 10:53:08.299813,110913.315
2025-09-04 11:01:16.168923,110658.825
2025-09-04 11:20:07.835013,110885.425
2025-09-04 11:29:08.823907,110936.935
2025-09-04 11:38:12.334811,110985.465
2025-09-04 11:46:10.266646,110993.495
2025-09-04 11:54:17.408066,110893.215
2025-09-04 12:21:05.718270,110879.725
2025-09-04 12:56:59.997761,110845.225
2025-09-04 13:25:23.600590,110744.135
2025-09-04 13:41:25.946293,110657.945
2025-09-04 13:49:35.431916,110357.325
2025-09-04 13:57:04.580646,110574.775
2025-09-04 14:15:55.521322,109792.035
2025-09-04 14:34:41.742240,110014.905
2025-09-04 14:46:23.889336,110111.935
2025-09-04 14:54:32.784171,109981.185
2025-09-04 15:11:15.154858,109661.155
2025-09-04 15:30:33.679813,109541.41
2025-09-04 15:43:17.297928,109551.975
2025-09-04 15:50:43.248080,109576.065
2025-09-04 15:58:22.723829,109584.495
2025-09-04 16:24:58.690809,109526.745
2025-09-04 16:43:23.304408,109412.05
2025-09-04 16:53:52.588186,109484.12
2025-09-04 17:08:23.103024,109698.53
2025-09-04 17:26:52.691440,109781.895
2025-09-04 17:37:51.191796,109812.675
2025-09-04 17:45:19.292075,109624.64
2025-09-04 17:53:19.896667,109799.365
2025-09-04 18:12:10.801904,110062.675
2025-09-04 18:38:49.710528,110008.0
2025-09-04 18:51:01.348773,110152.095
2025-09-04 18:58:38.309532,110062.615
2025-09-04 19:15:24.375811,110105.705
2025-09-04 19:25:01.811816,109976.995
2025-09-04 19:33:51.406173,110004.505
2025-09-04 19:41:31.109303,109866.105
2025-09-04 19:49:38.737441,109806.895
2025-09-04 19:57:16.823677,109840.085
2025-09-04 20:18:14.401512,110150.075
2025-09-04 20:32:18.352368,110287.755
2025-09-04 20:42:22.715877,110343.075
2025-09-04 20:50:09.503686,110323.255
2025-09-04 20:57:47.502964,110369.625
2025-09-04 21:16:10.848604,110350.625
2025-09-04 21:28:44.321000,110416.79
2025-09-04 21:37:31.369481,110433.895
2025-09-04 21:45:21.228118,110494.37
2025-09-04 21:53:21.107644,110552.225
2025-09-04 22:08:22.450676,110540.985
2025-09-04 22:28:19.418492,110847.295
2025-09-04 22:39:20.288299,110799.635
2025-09-04 22:46:59.855953,110798.815
2025-09-04 22:54:51.817793,110843.03
2025-09-04 23:11:18.002861,111411.815
2025-09-04 23:26:11.155616,111234.945
2025-09-04 23:35:35.664604,110915.225
2025-09-04 23:43:33.076459,110801.005
2025-09-04 23:51:34.504700,110616.855
2025-09-04 23:59:15.704848,110689.945
2025-09-05 01:41:34.598191,110919.865
2025-09-05 02:48:37.319738,111426.925
2025-09-05 03:22:32.630212,111201.735
2025-09-05 03:43:51.676261,111161.045
2025-09-05 03:53:17.826507,111237.29
2025-09-05 04:10:43.140853,111259.345
2025-09-05 04:33:28.723954,111297.965
2025-09-05 04:45:04.934679,111402.295
2025-09-05 04:53:07.290460,111473.665
2025-09-05 05:08:36.412850,111500.205
2025-09-05 05:29:18.259519,111535.955
2025-09-05 05:40:45.103682,111643.025
2025-09-05 05:48:40.850054,111624.995
2025-09-05 05:56:10.573018,111570.94
2025-09-05 06:22:01.614631,111547.045
2025-09-05 06:44:44.212774,111649.24
2025-09-05 06:55:02.118990,111782.535
2025-09-05 07:11:55.622291,112322.995
2025-09-05 07:27:32.327239,112790.71
2025-09-05 07:36:58.986214,112814.175
2025-09-05 07:44:25.515106,112753.675
2025-09-05 07:52:26.629016,112917.17
2025-09-05 08:00:28.395545,112970.955
2025-09-05 08:31:41.229549,112760.075
2025-09-05 08:47:42.523663,112723.91
2025-09-05 08:55:49.924022,112625.695
2025-09-05 09:15:09.065714,112514.525
2025-09-05 09:31:47.550187,112220.615
2025-09-05 09:42:39.334893,112210.815
2025-09-05 09:50:38.435247,112272.415
2025-09-05 09:58:36.551349,112324.31
2025-09-05 10:21:06.389710,112222.745
2025-09-05 10:38:15.156107,112388.815
2025-09-05 10:46:54.639247,112379.785
2025-09-05 10:54:47.994715,112316.595
2025-09-05 11:09:33.960068,112412.385
2025-09-05 11:23:34.479092,112239.155
2025-09-05 11:32:03.286974,112348.605
2025-09-05 11:40:42.548601,112322.275
2025-09-05 11:48:37.908991,112301.275
2025-09-05 11:56:27.318809,112360.985
2025-09-05 12:30:16.446979,112603.005
2025-09-05 13:03:26.394189,113209.215
2025-09-05 13:32:38.535529,113027.28
2025-09-05 13:44:19.584539,113000.515
2025-09-05 13:52:33.201233,113219.19
2025-09-05 14:00:29.001650,113086.835
2025-09-05 14:22:25.503535,111370.44
2025-09-05 14:37:47.685219,110670.6
2025-09-05 14:46:08.019490,110740.98
2025-09-05 14:54:11.918764,110758.355
2025-09-05 15:11:12.061210,110521.785
2025-09-05 15:30:01.736284,110883.095
2025-09-05 15:39:31.411906,110913.015
2025-09-05 15:47:34.565396,110808.935
2025-09-05 15:55:33.635775,110776.645
2025-09-05 16:16:18.050182,110755.995
2025-09-05 16:36:12.357853,110722.085
2025-09-05 16:47:21.570730,110918.455
2025-09-05 16:55:32.323557,110729.135
2025-09-05 17:11:44.948601,110604.565
2025-09-05 17:28:38.370583,110679.985
2025-09-05 17:39:24.078264,110439.965
2025-09-05 17:47:12.053038,110381.505
2025-09-05 17:55:02.129702,110586.125
2025-09-05 18:16:06.990007,110792.95
2025-09-05 18:39:54.782137,111264.665
2025-09-05 18:49:58.591189,111250.375
2025-09-05 18:57:44.936259,111167.665
2025-09-05 19:13:55.204786,111221.895
2025-09-05 19:25:18.605097,111350.095
2025-09-05 19:34:26.310102,111168.95
2025-09-05 19:42:20.752071,111430.705
2025-09-05 19:50:08.547459,111413.455
2025-09-05 19:57:43.899756,111451.075
2025-09-05 20:19:27.575012,111409.385
2025-09-05 20:34:21.058436,111367.325
2025-09-05 20:44:03.962419,111537.795
2025-09-05 20:51:40.949630,111526.455
2025-09-05 20:59:17.475622,111609.59
2025-09-05 21:18:48.306412,111064.54
2025-09-05 21:29:20.066314,110932.78
2025-09-05 21:38:51.175338,110812.18
2025-09-05 21:46:56.152133,110825.035
2025-09-05 21:54:36.769121,110668.715
2025-09-05 22:10:04.945640,110650.925
2025-09-05 22:29:34.571480,110687.175
2025-09-05 22:40:14.032402,110870.955
2025-09-05 22:48:21.081341,110927.555
2025-09-05 22:55:51.072968,110885.005
2025-09-05 23:12:33.438946,110789.165
2025-09-05 23:26:48.241229,110750.095
2025-09-05 23:35:59.102650,110741.055
2025-09-05 23:43:54.113296,110755.375
2025-09-05 23:51:49.168994,110655.185
2025-09-05 23:59:38.108853,110657.275
2025-09-06 01:41:53.990530,110883.855
2025-09-06 02:43:53.945198,110915.805
2025-09-06 03:16:50.713840,111145.04
2025-09-06 03:38:44.036460,111068.205
2025-09-06 03:47:56.642784,111069.04
2025-09-06 03:55:38.579933,111040.57
2025-09-06 04:15:07.133696,110897.955
2025-09-06 04:34:11.508749,110795.195
2025-09-06 04:44:29.548527,110867.835
2025-09-06 04:52:26.335895,110903.405
2025-09-06 04:59:53.859054,110875.395
2025-09-06 05:20:08.855467,110808.49
2025-09-06 05:32:20.928275,110705.005
2025-09-06 05:41:29.436305,110791.745
2025-09-06 05:49:30.681341,110705.145
2025-09-06 05:57:07.518553,110745.05
2025-09-06 06:21:35.973049,110728.175
2025-09-06 06:41:00.158278,110822.535
2025-09-06 06:50:02.850698,110802.565
2025-09-06 06:57:52.449702,110778.99
2025-09-06 07:15:02.868361,110798.845
2025-09-06 07:26:14.296761,110818.215
2025-09-06 07:35:23.181775,110826.675
2025-09-06 07:42:57.255992,110838.065
2025-09-06 07:50:38.927858,110833.385
2025-09-06 07:58:13.017626,110834.265
2025-09-06 08:21:20.880301,110797.395
2025-09-06 08:36:20.942628,110873.805
2025-09-06 08:45:37.645543,110912.34
2025-09-06 08:53:25.932035,110950.045
2025-09-06 09:07:55.180438,110862.935
2025-09-06 09:24:27.231734,110739.325
2025-09-06 09:32:42.296123,110765.995
2025-09-06 09:40:10.007966,110781.055
2025-09-06 09:48:13.197006,110802.685
2025-09-06 09:55:48.825441,110732.475
2025-09-06 10:12:19.331019,110764.855
2025-09-06 10:29:58.665281,110750.075
2025-09-06 10:39:27.360027,110764.475
2025-09-06 10:47:11.600029,110755.705
2025-09-06 10:55:08.672172,110757.595
2025-09-06 11:09:12.635945,110776.045
2025-09-06 11:21:35.263218,110707.865
2025-09-06 11:29:16.147369,110680.695
2025-09-06 11:38:12.126388,110678.045
2025-09-06 11:45:53.755871,110783.645
2025-09-06 11:53:47.710297,110795.865
2025-09-06 12:15:42.394958,110875.745
2025-09-06 12:51:09.067356,110881.035
2025-09-06 13:11:05.000945,110918.755
2025-09-06 13:28:12.869731,110909.565
2025-09-06 13:37:20.995868,110905.95
2025-09-06 13:45:14.614537,110897.155
2025-09-06 13:53:04.594506,110885.435
2025-09-06 14:01:24.519481,110947.855
2025-09-06 14:20:23.441622,110931.615
2025-09-06 14:31:04.696899,110910.035
2025-09-06 14:39:32.602954,110866.92
2025-09-06 14:47:28.999938,110856.425
2025-09-06 14:55:28.785281,110788.625
2025-09-06 15:10:46.966581,110755.13
2025-09-06 15:26:08.532115,110791.645
2025-09-06 15:34:59.737337,110772.855
2025-09-06 15:42:40.651307,110650.955
2025-09-06 15:50:32.609379,110607.635
2025-09-06 15:58:08.922682,110406.695
2025-09-06 16:20:13.385088,110213.075
2025-09-06 16:36:10.228282,110287.075
2025-09-06 16:45:09.447063,110251.365
2025-09-06 16:52:56.191383,110208.965
2025-09-06 17:00:56.555157,110299.785
2025-09-06 17:19:03.318132,110225.625
2025-09-06 17:29:23.602498,110209.715
2025-09-06 17:37:36.560716,110186.755
2025-09-06 17:45:26.884489,110030.795
2025-09-06 17:53:03.766983,110150.555
2025-09-06 18:01:03.917265,110149.905
2025-09-06 18:31:02.421857,110180.315
2025-09-06 18:43:38.772481,110139.255
2025-09-06 18:51:05.834670,110292.695
2025-09-06 18:58:55.085078,110251.375
2025-09-06 19:14:32.038189,110196.325
2025-09-06 19:22:49.814885,110242.855
2025-09-06 19:30:44.340489,110175.005
2025-09-06 19:38:54.143561,110142.875
2025-09-06 19:46:54.736200,110063.205
2025-09-06 19:54:28.669776,110025.715
2025-09-06 20:10:35.992950,110072.915
2025-09-06 20:27:30.633057,110103.095
2025-09-06 20:36:17.742575,110095.065
2025-09-06 20:44:15.041989,110146.125
2025-09-06 20:51:59.209255,110126.145
2025-09-06 20:59:36.923145,110138.365
2025-09-06 21:17:49.817825,110207.325
2025-09-06 21:27:11.589838,110224.17
2025-09-06 21:35:53.683890,110170.975
2025-09-06 21:43:21.991588,110193.025
2025-09-06 21:51:01.734633,110232.38
2025-09-06 21:58:44.082806,110203.875
2025-09-06 22:17:03.548025,110235.035
2025-09-06 22:30:53.154577,110201.375
2025-09-06 22:40:10.219417,110155.915
2025-09-06 22:48:10.519172,110143.945
2025-09-06 22:55:42.040232,110177.105
2025-09-06 23:11:48.211199,110208.965
2025-09-06 23:25:19.316459,110282.045
2025-09-06 23:34:24.485945,110263.995
2025-09-06 23:42:27.626692,110270.335
2025-09-06 23:50:11.481138,110234.555
2025-09-06 23:57:52.837819,110220.245
2025-09-07 01:27:05.184677,110491.745
2025-09-07 02:47:10.306573,110541.155
2025-09-07 03:25:10.683884,110696.835
2025-09-07 03:46:10.382530,110641.065
2025-09-07 03:54:21.656457,110625.065
2025-09-07 04:12:49.234753,110532.375
2025-09-07 04:32:42.135695,110548.275
2025-09-07 04:43:01.119649,110508.345
2025-09-07 04:51:02.758269,110546.185
2025-09-07 04:58:44.040555,110564.325
2025-09-07 05:17:33.574819,110640.485
2025-09-07 05:31:19.525807,110708.575
2025-09-07 05:40:58.333695,110668.605
2025-09-07 05:48:56.892689,110659.605
2025-09-07 05:56:41.826363,110665.455
2025-09-07 06:20:36.506063,110592.595
2025-09-07 06:41:04.494915,110555.165
2025-09-07 06:50:17.459719,110529.345
2025-09-07 06:57:56.960016,110522.455
2025-09-07 07:16:18.393099,110539.365
2025-09-07 07:27:45.854510,110565.715
2025-09-07 07:36:36.081704,110775.215
2025-09-07 07:44:34.181240,110819.945
2025-09-07 07:52:08.431854,110766.35
2025-09-07 07:59:36.849233,110744.875
2025-09-07 08:25:03.187078,111183.765
2025-09-07 08:38:16.546989,111169.825
2025-09-07 08:46:24.256001,111167.43
2025-09-07 08:53:52.607379,111119.895
2025-09-07 09:09:00.247979,111104.725
2025-09-07 09:25:19.933141,111228.055
2025-09-07 09:34:04.607961,111104.025
2025-09-07 09:42:00.274424,110998.865
2025-09-07 09:50:00.138380,110972.185
2025-09-07 09:57:30.953532,111080.34
2025-09-07 10:16:02.617895,111170.495
2025-09-07 10:32:14.881091,111121.355
2025-09-07 10:41:36.621167,111153.195
2025-09-07 10:49:36.580431,111126.325
2025-09-07 10:57:23.436600,111162.455
2025-09-07 11:12:48.172160,111224.445
2025-09-07 11:23:10.596021,111273.535
2025-09-07 11:30:58.191732,111265.535
2025-09-07 11:39:51.987018,111233.455
2025-09-07 11:47:42.225099,111238.705
2025-09-07 11:55:10.559857,111277.24
2025-09-07 12:21:31.292255,111096.365
2025-09-07 12:53:36.957582,111112.855
2025-09-07 13:13:58.441248,111102.685
2025-09-07 13:29:33.879561,111114.775
2025-09-07 13:38:45.520741,111224.815
2025-09-07 13:46:20.684979,111226.625
2025-09-07 13:54:21.702241,111204.905
2025-09-07 14:08:48.575235,111295.785
2025-09-07 14:26:06.819678,111140.995
2025-09-07 14:36:05.256930,111148.485
2025-09-07 14:44:02.561979,111218.325
2025-09-07 14:52:01.018173,111153.685
2025-09-07 14:59:33.708059,111135.415
2025-09-07 15:19:04.079974,111248.195
2025-09-07 15:29:26.809542,111298.185
2025-09-07 15:38:12.368450,111305.525
2025-09-07 15:46:07.768538,111314.895
2025-09-07 15:53:44.682505,111253.225
2025-09-07 16:09:50.034766,111290.825
2025-09-07 16:30:55.762182,111208.135
2025-09-07 16:42:21.507445,111218.595
2025-09-07 16:49:48.989686,111204.545
2025-09-07 16:57:40.448010,111223.685
2025-09-07 17:13:51.103380,111095.055
2025-09-07 17:27:20.839292,111001.485
2025-09-07 17:35:55.450137,111019.055
2025-09-07 17:43:20.398611,111128.205
2025-09-07 17:51:07.145938,110987.515
2025-09-07 17:58:35.976426,110987.02
2025-09-07 18:24:49.805826,110968.145
2025-09-07 18:40:48.425027,110898.005
2025-09-07 18:49:09.505925,110944.675
2025-09-07 18:56:43.947494,111010.055
2025-09-07 19:11:40.774148,111104.575
2025-09-07 19:22:00.615204,111081.355
2025-09-07 19:29:54.839344,111146.325
2025-09-07 19:38:32.032358,111198.715
2025-09-07 19:46:17.336942,111237.625
2025-09-07 19:54:02.889744,111225.305
2025-09-07 20:09:52.038474,111272.745
2025-09-07 20:27:35.596629,111187.195
2025-09-07 20:36:59.797326,111136.905
2025-09-07 20:44:59.445731,111179.475
2025-09-07 20:52:37.326502,111186.395
2025-09-07 21:00:15.870833,111349.565
2025-09-07 21:19:01.916575,111215.105
2025-09-07 21:28:15.251757,111181.575
2025-09-07 21:37:05.642468,111180.975
2025-09-07 21:44:44.407244,111130.855
2025-09-07 21:52:27.046563,111106.535
2025-09-07 22:00:10.447092,111041.895
2025-09-07 22:20:30.320412,111230.105
2025-09-07 22:32:28.349227,111251.555
2025-09-07 22:41:08.862906,111086.105
2025-09-07 22:49:07.511352,111243.345
2025-09-07 22:56:37.685217,111246.155
2025-09-07 23:13:12.107410,111277.445
2025-09-07 23:26:32.771889,111534.585
2025-09-07 23:35:52.139126,111421.105
2025-09-07 23:43:16.313190,111374.78
2025-09-07 23:51:07.423543,111301.025
2025-09-07 23:58:36.918030,111170.635
2025-09-08 01:41:36.505917,110935.975
2025-09-08 02:58:27.849304,111164.305
2025-09-08 03:39:00.583177,111316.285
2025-09-08 03:55:15.597614,111078.245
2025-09-08 04:15:50.179223,111069.46
2025-09-08 04:36:53.997377,111130.43
2025-09-08 04:48:12.997015,110925.795
2025-09-08 04:56:14.865697,110919.15
2025-09-08 05:14:54.562760,110948.225
2025-09-08 05:32:38.986582,110919.075
2025-09-08 05:43:30.752987,110905.295
2025-09-08 05:51:05.768448,110968.165
2025-09-08 05:58:37.998540,111042.955
2025-09-08 06:31:44.831000,111177.455
2025-09-08 06:51:28.300887,111130.335
2025-09-08 06:59:00.846879,111113.275
2025-09-08 07:21:04.636766,111344.285
2025-09-08 07:32:23.340479,111586.885
2025-09-08 07:42:28.128988,111348.195
2025-09-08 07:50:00.528415,111261.265
2025-09-08 07:57:33.762552,111249.98
2025-09-08 08:25:34.305199,111477.335
2025-09-08 08:46:16.300885,111823.185
2025-09-08 08:56:38.811850,111616.355
2025-09-08 09:18:48.267019,111881.945
2025-09-08 09:36:49.242819,111780.825
2025-09-08 09:47:24.065501,111908.645
2025-09-08 09:55:30.536862,111994.675
2025-09-08 10:14:37.379428,111936.805
2025-09-08 10:36:16.953737,112048.985
2025-09-08 10:47:54.293685,112117.575
2025-09-08 10:55:48.246562,112017.585
2025-09-08 11:11:51.328516,111941.545
2025-09-08 11:25:44.927109,111868.265
2025-09-08 11:35:47.921876,111835.195
2025-09-08 11:43:47.077994,111846.7
2025-09-08 11:51:41.339039,111967.295
2025-09-08 11:59:25.176365,112068.205
2025-09-08 12:47:43.577902,112072.765
2025-09-08 13:20:37.584409,112290.205
2025-09-08 13:43:08.426253,112156.035
2025-09-08 13:52:39.689795,112163.975
2025-09-08 14:00:36.651766,111898.945
2025-09-08 14:26:30.927753,112217.205
2025-09-08 14:43:07.952374,112622.195
2025-09-08 14:51:53.929879,112576.795
2025-09-08 14:59:49.351591,112630.295
2025-09-08 15:23:04.540228,112862.125
2025-09-08 15:37:31.933708,112659.105
2025-09-08 15:46:35.027157,112620.93
2025-09-08 15:54:33.485885,112592.145
2025-09-08 16:12:19.100162,112476.8
2025-09-08 16:36:37.411926,112523.645
2025-09-08 16:50:13.466161,112341.425
2025-09-08 16:58:20.161001,112464.375
2025-09-08 17:17:22.281954,112400.595
2025-09-08 17:32:11.466018,112459.855
2025-09-08 17:42:52.571876,112349.385
2025-09-08 17:50:34.867689,112300.225
2025-09-08 17:58:09.703701,112199.005
2025-09-08 18:28:21.904594,112392.365
2025-09-08 18:46:48.647014,112396.365
2025-09-08 18:54:27.367061,112437.315
2025-09-08 19:09:06.128509,112322.65
2025-09-08 19:23:01.216096,112208.155
2025-09-08 19:30:41.939047,112231.395
2025-09-08 19:40:11.537151,112108.025
2025-09-08 19:48:11.035667,112104.575
2025-09-08 19:56:04.350035,112084.015
2025-09-08 20:16:17.018213,112056.595
2025-09-08 20:33:03.370833,112030.795
2025-09-08 20:44:37.358288,111922.415
2025-09-08 20:52:37.172376,111941.06
2025-09-08 21:00:40.390126,111964.125
2025-09-08 21:21:39.818700,112074.785
2025-09-08 21:31:14.177902,112128.125
2025-09-08 21:40:38.099243,112311.335
2025-09-08 21:48:28.173489,112269.695
2025-09-08 21:56:10.472180,112300.145
2025-09-08 22:13:55.655271,112488.455
2025-09-08 22:31:30.630822,112302.495
2025-09-08 22:42:29.246758,112373.965
2025-09-08 22:50:27.009867,112281.045
2025-09-08 22:58:04.326209,112230.495
2025-09-08 23:17:45.614301,112241.585
2025-09-08 23:30:30.482691,112144.905
2025-09-08 23:40:11.215600,112128.355
2025-09-08 23:48:03.164105,112053.675
2025-09-08 23:55:33.038925,112080.015
2025-09-09 01:02:14.732066,111688.675
2025-09-09 02:36:49.717579,111400.64
2025-09-09 03:22:53.001889,111427.435
2025-09-09 03:45:36.786179,111613.795
2025-09-09 03:55:06.408219,111726.645
2025-09-09 04:15:13.195789,111759.96
2025-09-09 04:36:03.346853,112004.945
2025-09-09 04:46:41.561812,111926.76
2025-09-09 04:54:10.233645,112012.385
2025-09-09 05:10:34.448081,111964.045
2025-09-09 05:30:27.457803,111970.03
2025-09-09 05:42:27.982020,111957.065
2025-09-09 05:50:11.008057,112020.865
2025-09-09 05:57:44.787993,112245.235
2025-09-09 06:28:22.267780,112624.795
2025-09-09 06:49:17.938106,113008.615
2025-09-09 06:57:12.462051,112989.115
2025-09-09 07:16:40.313933,113097.435
2025-09-09 07:31:15.034024,113255.965
2025-09-09 07:41:33.839919,113083.435
2025-09-09 07:49:24.846466,112930.005
2025-09-09 07:57:20.106037,112995.725
2025-09-09 08:24:16.131624,112956.73
2025-09-09 08:43:41.413282,113057.275
